ds;dt;P;V
2019-01-01 00:00;1;4.6259;10.6
2019-01-01 01:00;2;3.7633;9.1
2019-01-01 02:00;3;3.2558;8.2
2019-01-01 03:00;4;4.0425;10.5
2019-01-01 04:00;5;1.1095;7.5
2019-01-01 05:00;6;0.5656;4
2019-01-01 06:00;7;0.5597;5.1
2019-01-01 07:00;8;0.9656;4.4
2019-01-01 08:00;9;0.8441;5.6
2019-01-01 09:00;10;1.0025;5.1
2019-01-01 10:00;11;1.0283;5.5
2019-01-01 11:00;12;0.7643;5.4
2019-01-01 12:00;13;0.5056;4.5
2019-01-01 13:00;14;0.5042;4.1
2019-01-01 14:00;15;0.7907;4.3
2019-01-01 15:00;16;0.9372;5.3
2019-01-01 16:00;17;0.3894;4.4
2019-01-01 17:00;18;0.6376;3.7
2019-01-01 18:00;19;1.417;5.2
2019-01-01 19:00;20;1.7833;6.3
2019-01-01 20:00;21;2.2876;7.1
2019-01-01 21:00;22;3.3033;7.4
2019-01-01 22:00;23;4.0729;7.9
2019-01-01 23:00;24;4.2603;8.8
2019-01-02 00:00;25;1.786;7.1
2019-01-02 01:00;26;3.3825;6
2019-01-02 02:00;27;3.6524;9
2019-01-02 03:00;28;3.7316;8.2
2019-01-02 04:00;29;3.8676;9
2019-01-02 05:00;30;2.5562;7.7
2019-01-02 06:00;31;2.1707;7.5
2019-01-02 07:00;32;1.7147;7.6
2019-01-02 08:00;33;1.0982;5.8
2019-01-02 09:00;34;1.5477;4.6
2019-01-02 10:00;35;1.9952;6.2
2019-01-02 11:00;36;2.6789;7.1
2019-01-02 12:00;37;2.6539;7.7
2019-01-02 13:00;38;1.5754;6.9
2019-01-02 14:00;39;0.6725;4.8
2019-01-02 15:00;40;1.1781;5.2
2019-01-02 16:00;41;1.5596;6.5
2019-01-02 17:00;42;3.4624;6.3
2019-01-02 18:00;43;4.3712;8.9
2019-01-02 19:00;44;3.1165;8.4
2019-01-02 20:00;45;2.7628;6.9
2019-01-02 21:00;46;3.8273;9.7
2019-01-02 22:00;47;4.4623;9.2
2019-01-02 23:00;48;3.1548;9.2
2019-01-03 00:00;49;3.2749;7.6
2019-01-03 01:00;50;2.0104;7.5
2019-01-03 02:00;51;1.9272;7.7
2019-01-03 03:00;52;0.6072;4.9
2019-01-03 04:00;53;2.0077;4.6
2019-01-03 05:00;54;1.0402;5.2
2019-01-03 06:00;55;1.0098;5.3
2019-01-03 07:00;56;1.7563;5.9
2019-01-03 08:00;57;2.3245;6.3
2019-01-03 09:00;58;1.6843;6.5
2019-01-03 10:00;59;1.9767;5.8
2019-01-03 11:00;60;2.6268;6.8
2019-01-03 12:00;61;2.0909;7.1
2019-01-03 13:00;62;2.1615;6.9
2019-01-03 14:00;63;2.5469;6.9
2019-01-03 15:00;64;1.9866;6.8
2019-01-03 16:00;65;1.2672;6.1
2019-01-03 17:00;66;1.3048;5.3
2019-01-03 18:00;67;1.3015;5.9
2019-01-03 19:00;68;1.8652;5.8
2019-01-03 20:00;69;2.2922;7.4
2019-01-03 21:00;70;2.1067;7.7
2019-01-03 22:00;71;1.8031;6.8
2019-01-03 23:00;72;1.6467;7.1
2019-01-04 00:00;73;1.3226;5.7
2019-01-04 01:00;74;1.0322;6.3
2019-01-04 02:00;75;1.2137;5.7
2019-01-04 03:00;76;0.4983;4.3
2019-01-04 04:00;77;0.4759;4.1
2019-01-04 05:00;78;0.2574;4.1
2019-01-04 06:00;79;0.4125;3.6
2019-01-04 07:00;80;1.0963;4.2
2019-01-04 08:00;81;2.6519;6.3
2019-01-04 09:00;82;1.8658;7.8
2019-01-04 10:00;83;3.3871;7
2019-01-04 11:00;84;2.5146;8.2
2019-01-04 12:00;85;1.4824;6.3
2019-01-04 13:00;86;2.4328;6.1
2019-01-04 14:00;87;1.9714;6.8
2019-01-04 15:00;88;1.7391;6.8
2019-01-04 16:00;89;2.7766;7.2
2019-01-04 17:00;90;3.4109;8.2
2019-01-04 18:00;91;3.4452;8.3
2019-01-04 19:00;92;3.7996;8.1
2019-01-04 20:00;93;3.9257;9
2019-01-04 21:00;94;4.1534;8.5
2019-01-04 22:00;95;3.3772;8
2019-01-04 23:00;96;2.807;8
2019-01-05 00:00;97;2.4559;7.3
2019-01-05 01:00;98;2.5337;7.2
2019-01-05 02:00;99;1.7338;6.9
2019-01-05 03:00;100;1.0415;6
2019-01-05 04:00;101;0.5425;5.5
2019-01-05 05:00;102;0.1676;3.1
2019-01-05 06:00;103;0.1261;3
2019-01-05 07:00;104;0.2501;3.2
2019-01-05 08:00;105;0.1313;3.4
2019-01-05 09:00;106;0;2.2
2019-01-05 10:00;107;0;2.1
2019-01-05 11:00;108;0.0033;1.7
2019-01-05 12:00;109;0.0238;2.3
2019-01-05 13:00;110;0.2086;3.2
2019-01-05 14:00;111;0.2138;4.1
2019-01-05 15:00;112;0.0482;3.1
2019-01-05 16:00;113;0.0046;3
2019-01-05 17:00;114;0.1861;2.9
2019-01-05 18:00;115;0.2647;4.2
2019-01-05 19:00;116;0.2706;3.1
2019-01-05 20:00;117;0.0013;2.7
2019-01-05 21:00;118;0;1.3
2019-01-05 22:00;119;0.0805;2.3
2019-01-05 23:00;120;0.1445;2.7
2019-01-06 00:00;121;0.3544;3
2019-01-06 01:00;122;0.4501;4.2
2019-01-06 02:00;123;0.3201;3.1
2019-01-06 03:00;124;0.1485;3.2
2019-01-06 04:00;125;0.1373;2.9
2019-01-06 05:00;126;0.0284;2.6
2019-01-06 06:00;127;0;2.4
2019-01-06 07:00;128;0;2.1
2019-01-06 08:00;129;0;0.5
2019-01-06 09:00;130;0;1.8
2019-01-06 10:00;131;0;1.9
2019-01-06 11:00;132;0;2.1
2019-01-06 12:00;133;0.068;2.4
2019-01-06 13:00;134;0.0317;3
2019-01-06 14:00;135;0.0429;2.7
2019-01-06 15:00;136;0.0125;2.7
2019-01-06 16:00;137;0;3
2019-01-06 17:00;138;0;1.8
2019-01-06 18:00;139;0;1.3
2019-01-06 19:00;140;0;1.4
2019-01-06 20:00;141;0;1.6
2019-01-06 21:00;142;0;1.4
2019-01-06 22:00;143;0;1.6
2019-01-06 23:00;144;0;1.5
2019-01-07 00:00;145;0;1.4
2019-01-07 01:00;146;0;1.4
2019-01-07 02:00;147;0;1.3
2019-01-07 03:00;148;0.0409;2.1
2019-01-07 04:00;149;0.0356;2.7
2019-01-07 05:00;150;0.2587;3
2019-01-07 06:00;151;1.0586;4.6
2019-01-07 07:00;152;1.9417;6.2
2019-01-07 08:00;153;2.5542;6.9
2019-01-07 09:00;154;2.6248;7.3
2019-01-07 10:00;155;2.6169;7.8
2019-01-07 11:00;156;2.7865;7.8
2019-01-07 12:00;157;2.8591;8
2019-01-07 13:00;158;2.836;7.5
2019-01-07 14:00;159;2.4783;6.8
2019-01-07 15:00;160;1.9358;7.5
2019-01-07 16:00;161;1.1768;5.8
2019-01-07 17:00;162;1.4177;5.4
2019-01-07 18:00;163;1.151;6
2019-01-07 19:00;164;0.5914;4.8
2019-01-07 20:00;165;0.5161;4.9
2019-01-07 21:00;166;0.4679;3.5
2019-01-07 22:00;167;0.1558;4
2019-01-07 23:00;168;0;2.4
2019-01-08 00:00;169;0.0607;2.1
2019-01-08 01:00;170;0.2376;2.6
2019-01-08 02:00;171;0.0535;3.2
2019-01-08 03:00;172;0.6752;3.3
2019-01-08 04:00;173;0.5848;5
2019-01-08 05:00;174;0.4963;4.3
2019-01-08 06:00;175;0.4917;5.2
2019-01-08 07:00;176;0.3637;3.6
2019-01-08 08:00;177;0.095;3.5
2019-01-08 09:00;178;0.0066;3
2019-01-08 10:00;179;0;1.8
2019-01-08 11:00;180;0;1.3
2019-01-08 12:00;181;0;0.4
2019-01-08 13:00;182;0;2.2
2019-01-08 14:00;183;0;1.6
2019-01-08 15:00;184;0;2.1
2019-01-08 16:00;185;0.0046;2.2
2019-01-08 17:00;186;0.0218;2.5
2019-01-08 18:00;187;0.0937;3.1
2019-01-08 19:00;188;0.7366;3.3
2019-01-08 20:00;189;2.7001;6.6
2019-01-08 21:00;190;3.6155;8.1
2019-01-08 22:00;191;2.7515;7.6
2019-01-08 23:00;192;3.5495;8.2
2019-01-09 00:00;193;3.6406;8.6
2019-01-09 01:00;194;2.6354;8.4
2019-01-09 02:00;195;1.7695;6.3
2019-01-09 03:00;196;2.178;6.4
2019-01-09 04:00;197;0.8758;7
2019-01-09 05:00;198;0.0231;2.9
2019-01-09 06:00;199;0.2581;2.4
2019-01-09 07:00;200;0.8237;4.7
2019-01-09 08:00;201;1.1656;6
2019-01-09 09:00;202;1.4025;5.4
2019-01-09 10:00;203;1.3325;6.3
2019-01-09 11:00;204;1.4751;5.3
2019-01-09 12:00;205;0.953;5.9
2019-01-09 13:00;206;0.7366;4.6
2019-01-09 14:00;207;0.2171;3.6
2019-01-09 15:00;208;0.2587;3.4
2019-01-09 16:00;209;0;2.3
2019-01-09 17:00;210;0;2.1
2019-01-09 18:00;211;0;1.3
2019-01-09 19:00;212;0.0647;2.1
2019-01-09 20:00;213;0.0178;3
2019-01-09 21:00;214;0;2.3
2019-01-09 22:00;215;0;1.3
2019-01-09 23:00;216;0;1.1
2019-01-10 00:00;217;0;2
2019-01-10 01:00;218;0;1.3
2019-01-10 02:00;219;0.0277;1.7
2019-01-10 03:00;220;0.0521;3.1
2019-01-10 04:00;221;0.0528;2.8
2019-01-10 05:00;222;0.0818;3
2019-01-10 06:00;223;0.6904;3.5
2019-01-10 07:00;224;1.9001;5.3
2019-01-10 08:00;225;1.7345;6.3
2019-01-10 09:00;226;2.0117;6.2
2019-01-10 10:00;227;1.8427;6.5
2019-01-10 11:00;228;1.8718;7
2019-01-10 12:00;229;2.1318;6.5
2019-01-10 13:00;230;1.815;7.1
2019-01-10 14:00;231;1.5226;6.4
2019-01-10 15:00;232;1.8044;5.4
2019-01-10 16:00;233;0.7762;5.6
2019-01-10 17:00;234;0.1102;3.7
2019-01-10 18:00;235;0.0013;2.5
2019-01-10 19:00;236;0;2.3
2019-01-10 20:00;237;0.7267;1.3
2019-01-10 21:00;238;0.2911;3.3
2019-01-10 22:00;239;0.1729;3.8
2019-01-10 23:00;240;0.0812;2.8
2019-01-11 00:00;241;0.3043;3.5
2019-01-11 01:00;242;0.5986;3.4
2019-01-11 02:00;243;0.6851;4.7
2019-01-11 03:00;244;0.1419;3.9
2019-01-11 04:00;245;0.0073;2.8
2019-01-11 05:00;246;0.0053;1.3
2019-01-11 06:00;247;0.0026;3
2019-01-11 07:00;248;0;0.8
2019-01-11 08:00;249;0.0125;1.9
2019-01-11 09:00;250;0.3478;2.9
2019-01-11 10:00;251;2.083;4.7
2019-01-11 11:00;252;2.3074;7.4
2019-01-11 12:00;253;3.2941;7.8
2019-01-11 13:00;254;2.8057;7.5
2019-01-11 14:00;255;3.2142;7.9
2019-01-11 15:00;256;2.0262;7.5
2019-01-11 16:00;257;1.0817;5.8
2019-01-11 17:00;258;0.7135;4.7
2019-01-11 18:00;259;0.4653;4.6
2019-01-11 19:00;260;0.268;3.7
2019-01-11 20:00;261;0.2198;3.7
2019-01-11 21:00;262;0.3161;0
2019-01-11 22:00;263;0.3049;3.8
2019-01-11 23:00;264;0.3901;3.3
2019-01-12 00:00;265;0.2389;3.5
2019-01-12 01:00;266;0.4389;3.4
2019-01-12 02:00;267;0.4818;4.6
2019-01-12 03:00;268;0.9319;3.3
2019-01-12 04:00;269;0.0997;2.2
2019-01-12 05:00;270;0.4501;3.6
2019-01-12 06:00;271;0.4376;3.5
2019-01-12 07:00;272;1.058;4.3
2019-01-12 08:00;273;1.553;5.7
2019-01-12 09:00;274;0.6923;5.7
2019-01-12 10:00;275;0.299;3.6
2019-01-12 11:00;276;0.5729;3.2
2019-01-12 12:00;277;0.8006;5
2019-01-12 13:00;278;0.3287;4
2019-01-12 14:00;279;0.2996;3.6
2019-01-12 15:00;280;0.3425;3.7
2019-01-12 16:00;281;0.2072;4.3
2019-01-12 17:00;282;0;2.2
2019-01-12 18:00;283;0.1056;1.7
2019-01-12 19:00;284;0.8382;4
2019-01-12 20:00;285;1.0804;5.7
2019-01-12 21:00;286;1.2005;5.4
2019-01-12 22:00;287;2.1945;5.3
2019-01-12 23:00;288;0.9412;7.3
2019-01-13 00:00;289;1.6962;5.2
2019-01-13 01:00;290;2.0955;7.1
2019-01-13 02:00;291;0.5709;5.3
2019-01-13 03:00;292;0.5999;4.1
2019-01-13 04:00;293;0.9398;5.1
2019-01-13 05:00;294;1.0019;5.3
2019-01-13 06:00;295;0.8111;5.3
2019-01-13 07:00;296;2.4743;4.8
2019-01-13 08:00;297;5.3097;7.9
2019-01-13 09:00;298;5.5328;12.1
2019-01-13 10:00;299;5.5546;11.6
2019-01-13 11:00;300;5.4067;13.4
2019-01-13 12:00;301;4.8569;10.2
2019-01-13 13:00;302;4.919;10
2019-01-13 14:00;303;3.7508;9.1
2019-01-13 15:00;304;3.2696;8.4
2019-01-13 16:00;305;3.3198;7.3
2019-01-13 17:00;306;3.2868;8.2
2019-01-13 18:00;307;2.5014;7.7
2019-01-13 19:00;308;2.5799;7.6
2019-01-13 20:00;309;2.5964;7.6
2019-01-13 21:00;310;1.4309;5.9
2019-01-13 22:00;311;1.7662;5.1
2019-01-13 23:00;312;3.0023;8.1
2019-01-14 00:00;313;2.6598;7.6
2019-01-14 01:00;314;2.0031;6.9
2019-01-14 02:00;315;2.1859;6.9
2019-01-14 03:00;316;1.7167;6.9
2019-01-14 04:00;317;0.7656;5.8
2019-01-14 05:00;318;0.3241;3.9
2019-01-14 06:00;319;0.0429;3.2
2019-01-14 07:00;320;0.0884;2.8
2019-01-14 08:00;321;0.231;3.4
2019-01-14 09:00;322;0.0667;3.1
2019-01-14 10:00;323;0.0033;3
2019-01-14 11:00;324;0;2.5
2019-01-14 12:00;325;0.0053;2.5
2019-01-14 13:00;326;0;2.3
2019-01-14 14:00;327;0;1.5
2019-01-14 15:00;328;0;1
2019-01-14 16:00;329;0;0.8
2019-01-14 17:00;330;0;1.1
2019-01-14 18:00;331;0;1.8
2019-01-14 19:00;332;0.0422;2.4
2019-01-14 20:00;333;0.136;2.6
2019-01-14 21:00;334;0.2072;2.8
2019-01-14 22:00;335;0.0376;3.3
2019-01-14 23:00;336;0.004;2.7
2019-01-15 00:00;337;0;1.6
2019-01-15 01:00;338;0;1.1
2019-01-15 02:00;339;0.0158;1.7
2019-01-15 03:00;340;0.0244;2.9
2019-01-15 04:00;341;0;1.9
2019-01-15 05:00;342;0;1.6
2019-01-15 06:00;343;0;1.7
2019-01-15 07:00;344;0;2.1
2019-01-15 08:00;345;0.0429;2.6
2019-01-15 09:00;346;0.0277;3.3
2019-01-15 10:00;347;0.0944;2.2
2019-01-15 11:00;348;0;2.5
2019-01-15 12:00;349;0;2.3
2019-01-15 13:00;350;0;1.7
2019-01-15 14:00;351;0;1.8
2019-01-15 15:00;352;0.002;2.2
2019-01-15 16:00;353;0.0013;2.7
2019-01-15 17:00;354;0;0.9
2019-01-15 18:00;355;0;1.8
2019-01-15 19:00;356;0.0033;2.2
2019-01-15 20:00;357;0.0079;2.7
2019-01-15 21:00;358;0.8534;2.3
2019-01-15 22:00;359;0.427;3.5
2019-01-15 23:00;360;0.7036;4.8
2019-01-16 00:00;361;1.093;4.7
2019-01-16 01:00;362;0.7894;4.9
2019-01-16 02:00;363;0.7181;5.5
2019-01-16 03:00;364;0.5544;4.1
2019-01-16 04:00;365;1.0732;3.8
2019-01-16 05:00;366;0.4521;4.3
2019-01-16 06:00;367;0.5445;4.2
2019-01-16 07:00;368;0.5465;5.1
2019-01-16 08:00;369;0.2574;3.9
2019-01-16 09:00;370;0.0647;3.2
2019-01-16 10:00;371;0.1267;2
2019-01-16 11:00;372;1.1154;5
2019-01-16 12:00;373;0.5828;5.1
2019-01-16 13:00;374;0.1498;3.7
2019-01-16 14:00;375;0.0409;2.9
2019-01-16 15:00;376;0.0614;3
2019-01-16 16:00;377;0.002;2.8
2019-01-16 17:00;378;0;1.5
2019-01-16 18:00;379;0.0046;1.5
2019-01-16 19:00;380;0.2132;2.7
2019-01-16 20:00;381;0.7537;3.9
2019-01-16 21:00;382;0.5075;4.4
2019-01-16 22:00;383;0.6725;4.3
2019-01-16 23:00;384;0.759;4.6
2019-01-17 00:00;385;0.7742;4
2019-01-17 01:00;386;0.7933;5.4
2019-01-17 02:00;387;0.5135;5.1
2019-01-17 03:00;388;0.6343;3.6
2019-01-17 04:00;389;1.0303;4.7
2019-01-17 05:00;390;1.751;5.9
2019-01-17 06:00;391;1.1392;4.8
2019-01-17 07:00;392;1.6256;5.6
2019-01-17 08:00;393;1.5187;5.4
2019-01-17 09:00;394;1.4487;6.9
2019-01-17 10:00;395;0.8204;5.3
2019-01-17 11:00;396;1.39;4.9
2019-01-17 12:00;397;1.4942;5.6
2019-01-17 13:00;398;0.8587;5.1
2019-01-17 14:00;399;0.6409;4.9
2019-01-17 15:00;400;0.5425;3.9
2019-01-17 16:00;401;0.8164;4.5
2019-01-17 17:00;402;0.5894;4.6
2019-01-17 18:00;403;0.1769;3.4
2019-01-17 19:00;404;0.2845;2.6
2019-01-17 20:00;405;0.3927;3.5
2019-01-17 21:00;406;0.5425;4.2
2019-01-17 22:00;407;0.7009;4.2
2019-01-17 23:00;408;1.0765;5.1
2019-01-18 00:00;409;1.3385;5.8
2019-01-18 01:00;410;1.6038;6.9
2019-01-18 02:00;411;1.3009;6
2019-01-18 03:00;412;0.8065;5.3
2019-01-18 04:00;413;0.4858;4.6
2019-01-18 05:00;414;0.3689;3.9
2019-01-18 06:00;415;0.2779;3.9
2019-01-18 07:00;416;0.1881;3.2
2019-01-18 08:00;417;0.0244;3.3
2019-01-18 09:00;418;0;2.5
2019-01-18 10:00;419;0;2.3
2019-01-18 11:00;420;0.0046;1.7
2019-01-18 12:00;421;0;2.7
2019-01-18 13:00;422;0;2.2
2019-01-18 14:00;423;0;1.7
2019-01-18 15:00;424;0.0092;2.3
2019-01-18 16:00;425;0;2.5
2019-01-18 17:00;426;0;2
2019-01-18 18:00;427;0;1.4
2019-01-18 19:00;428;0.0264;2.1
2019-01-18 20:00;429;0.1835;2.9
2019-01-18 21:00;430;0.1723;3.4
2019-01-18 22:00;431;0.031;2.9
2019-01-18 23:00;432;0.002;2.3
2019-01-19 00:00;433;0.0013;2.1
2019-01-19 01:00;434;0;1.9
2019-01-19 02:00;435;0;2
2019-01-19 03:00;436;0.0614;2.2
2019-01-19 04:00;437;0.0165;2.5
2019-01-19 05:00;438;0.1406;2.8
2019-01-19 06:00;439;0.6356;3.4
2019-01-19 07:00;440;1.2797;5.8
2019-01-19 08:00;441;1.4183;5.8
2019-01-19 09:00;442;1.8104;6.3
2019-01-19 10:00;443;1.7965;6.8
2019-01-19 11:00;444;1.3141;6.1
2019-01-19 12:00;445;1.6414;5.6
2019-01-19 13:00;446;1.9219;6.5
2019-01-19 14:00;447;1.5055;6.4
2019-01-19 15:00;448;1.1372;5.6
2019-01-19 16:00;449;0.7036;5.1
2019-01-19 17:00;450;0.1478;3.6
2019-01-19 18:00;451;0.0429;3.3
2019-01-19 19:00;452;0.231;3.1
2019-01-19 20:00;453;0.3993;4.1
2019-01-19 21:00;454;0.2534;3.8
2019-01-19 22:00;455;0.2666;3.3
2019-01-19 23:00;456;0.227;4
2019-01-20 00:00;457;0.2132;3.6
2019-01-20 01:00;458;0.2198;3.1
2019-01-20 02:00;459;0.1089;3.3
2019-01-20 03:00;460;0.4732;3
2019-01-20 04:00;461;0.6521;4.7
2019-01-20 05:00;462;0.955;4.6
2019-01-20 06:00;463;1.7609;5.5
2019-01-20 07:00;464;2.2156;6.6
2019-01-20 08:00;465;2.0559;6.7
2019-01-20 09:00;466;2.6314;6.9
2019-01-20 10:00;467;2.5397;7.2
2019-01-20 11:00;468;0.8844;6.1
2019-01-20 12:00;469;0.0304;1.7
2019-01-20 13:00;470;0.3584;3.1
2019-01-20 14:00;471;0.9167;4.8
2019-01-20 15:00;472;1.4797;7
2019-01-20 16:00;473;0.2013;4.4
2019-01-20 17:00;474;0;1.7
2019-01-20 18:00;475;0.0924;2.7
2019-01-20 19:00;476;0.3142;3.9
2019-01-20 20:00;477;0.359;3
2019-01-20 21:00;478;0.4719;4.4
2019-01-20 22:00;479;0.6996;4.7
2019-01-20 23:00;480;0.5412;5
2019-01-21 00:00;481;0.4244;4.2
2019-01-21 01:00;482;0.3333;3.6
2019-01-21 02:00;483;0.2482;3.9
2019-01-21 03:00;484;0.8705;3.7
2019-01-21 04:00;485;3.3647;8.7
2019-01-21 05:00;486;0.7537;4.4
2019-01-21 06:00;487;1.7226;7.2
2019-01-21 07:00;488;1.5345;7.1
2019-01-21 08:00;489;1.0355;5.7
2019-01-21 09:00;490;0.825;4.4
2019-01-21 10:00;491;0.9049;5
2019-01-21 11:00;492;0.6963;4.6
2019-01-21 12:00;493;0.7194;3.9
2019-01-21 13:00;494;0.9293;5
2019-01-21 14:00;495;0.7379;5.1
2019-01-21 15:00;496;0.5511;3.8
2019-01-21 16:00;497;0.5782;4.1
2019-01-21 17:00;498;0.1115;4.2
2019-01-21 18:00;499;0.1294;2.5
2019-01-21 19:00;500;0.2759;3.1
2019-01-21 20:00;501;0.5254;3.8
2019-01-21 21:00;502;0.7036;4.8
2019-01-21 22:00;503;0.7425;5.3
2019-01-21 23:00;504;0.6607;0
2019-01-22 00:00;505;0.6765;4.4
2019-01-22 01:00;506;0.4699;4.5
2019-01-22 02:00;507;0.1247;3.1
2019-01-22 03:00;508;0.1729;3.3
2019-01-22 04:00;509;0.3425;2.7
2019-01-22 05:00;510;0.6184;4.4
2019-01-22 06:00;511;1.3952;4.7
2019-01-22 07:00;512;1.6025;6.3
2019-01-22 08:00;513;1.5814;6.3
2019-01-22 09:00;514;2.0156;6.5
2019-01-22 10:00;515;1.5338;6.3
2019-01-22 11:00;516;1.0969;5.5
2019-01-22 12:00;517;0.9755;5.1
2019-01-22 13:00;518;1.2949;5.5
2019-01-22 14:00;519;1.2256;4.7
2019-01-22 15:00;520;0.7775;4.1
2019-01-22 16:00;521;0.5353;4.9
2019-01-22 17:00;522;0.1749;2.9
2019-01-22 18:00;523;0.5023;3.5
2019-01-22 19:00;524;0.59;4.9
2019-01-22 20:00;525;0.6052;4.1
2019-01-22 21:00;526;0.6468;4.1
2019-01-22 22:00;527;0.5023;4.4
2019-01-22 23:00;528;1.0091;4.6
2019-01-23 00:00;529;1.3794;6
2019-01-23 01:00;530;1.1873;5.6
2019-01-23 02:00;531;1.5292;6
2019-01-23 03:00;532;2.3509;5.3
2019-01-23 04:00;533;0.7339;4.8
2019-01-23 05:00;534;1.6454;6.2
2019-01-23 06:00;535;2.2308;6.7
2019-01-23 07:00;536;4.1224;8.4
2019-01-23 08:00;537;0.2831;6.9
2019-01-23 09:00;538;0.0205;3
2019-01-23 10:00;539;0;2.1
2019-01-23 11:00;540;0;2.1
2019-01-23 12:00;541;0;2
2019-01-23 13:00;542;0;2.5
2019-01-23 14:00;543;0.0396;2.1
2019-01-23 15:00;544;0;2.1
2019-01-23 16:00;545;0;1.8
2019-01-23 17:00;546;0.0191;2.4
2019-01-23 18:00;547;0.0033;2.4
2019-01-23 19:00;548;0.097;1.9
2019-01-23 20:00;549;0.2924;5.9
2019-01-23 21:00;550;0.5353;3
2019-01-23 22:00;551;0.6673;4.2
2019-01-23 23:00;552;0.8864;5.1
2019-01-24 00:00;553;1.0296;5.2
2019-01-24 01:00;554;1.0435;5.4
2019-01-24 02:00;555;0.427;5.1
2019-01-24 03:00;556;0.1736;3.8
2019-01-24 04:00;557;1.3537;3.5
2019-01-24 05:00;558;0.3986;4.4
2019-01-24 06:00;559;0.0317;3.2
2019-01-24 07:00;560;0;2
2019-01-24 08:00;561;0;1.9
2019-01-24 09:00;562;0;1.5
2019-01-24 10:00;563;0;1.1
2019-01-24 11:00;564;0;1.1
2019-01-24 12:00;565;0.0211;2.2
2019-01-24 13:00;566;0.2158;3.5
2019-01-24 14:00;567;0.1261;3.1
2019-01-24 15:00;568;0.3465;3.3
2019-01-24 16:00;569;0.1452;3.5
2019-01-24 17:00;570;0.0007;2.6
2019-01-24 18:00;571;0.2066;2.8
2019-01-24 19:00;572;0.3056;3.6
2019-01-24 20:00;573;0.1472;3.4
2019-01-24 21:00;574;0.0917;3.3
2019-01-24 22:00;575;0.1406;2.8
2019-01-24 23:00;576;0.532;3.8
2019-01-25 00:00;577;0.6778;4.4
2019-01-25 01:00;578;0.7194;4.8
2019-01-25 02:00;579;0.7227;4.3
2019-01-25 03:00;580;0.5504;4.8
2019-01-25 04:00;581;0.5082;3.8
2019-01-25 05:00;582;0.9491;4.6
2019-01-25 06:00;583;1.39;5
2019-01-25 07:00;584;2.0447;6.9
2019-01-25 08:00;585;1.4071;6.4
2019-01-25 09:00;586;1.2764;5.6
2019-01-25 10:00;587;0.4475;4.4
2019-01-25 11:00;588;0.031;3
2019-01-25 12:00;589;0;2.6
2019-01-25 13:00;590;0.0614;2.3
2019-01-25 14:00;591;0.7517;3.7
2019-01-25 15:00;592;0.6164;5.2
2019-01-25 16:00;593;0.7082;4.1
2019-01-25 17:00;594;2.2638;5.6
2019-01-25 18:00;595;3.0782;7.6
2019-01-25 19:00;596;2.0077;8.1
2019-01-25 20:00;597;1.3292;6.7
2019-01-25 21:00;598;0.3808;4.5
2019-01-25 22:00;599;0.0904;3.3
2019-01-25 23:00;600;0.2211;3.1
2019-01-26 00:00;601;0.5821;4.1
2019-01-26 01:00;602;0.5003;4.4
2019-01-26 02:00;603;0.5108;4.5
2019-01-26 03:00;604;0.4448;3.5
2019-01-26 04:00;605;0.0376;3.4
2019-01-26 05:00;606;0.0759;2.5
2019-01-26 06:00;607;0.0574;3.2
2019-01-26 07:00;608;0.2944;2.9
2019-01-26 08:00;609;0.6204;4.1
2019-01-26 09:00;610;0.3419;4.3
2019-01-26 10:00;611;0.233;3.5
2019-01-26 11:00;612;0.3399;3.6
2019-01-26 12:00;613;0.5498;4.1
2019-01-26 13:00;614;0.662;4.7
2019-01-26 14:00;615;1.1873;4.6
2019-01-26 15:00;616;1.1563;5.9
2019-01-26 16:00;617;1.0223;5.2
2019-01-26 17:00;618;1.0593;5.4
2019-01-26 18:00;619;1.2118;5.4
2019-01-26 19:00;620;0.7821;5.7
2019-01-26 20:00;621;0.9425;4.9
2019-01-26 21:00;622;0.724;5.1
2019-01-26 22:00;623;0.4917;4.5
2019-01-26 23:00;624;0.3518;3.9
2019-01-27 00:00;625;0.1584;3.2
2019-01-27 01:00;626;0.0277;3
2019-01-27 02:00;627;0;2.5
2019-01-27 03:00;628;0.2521;2.4
2019-01-27 04:00;629;2.0572;5.3
2019-01-27 05:00;630;3.6736;7.5
2019-01-27 06:00;631;4.7098;9.9
2019-01-27 07:00;632;4.3303;9.2
2019-01-27 08:00;633;4.3936;9.1
2019-01-27 09:00;634;3.6505;8.8
2019-01-27 10:00;635;4.6253;8.8
2019-01-27 11:00;636;4.1349;9.8
2019-01-27 12:00;637;3.2129;8.1
2019-01-27 13:00;638;2.64;8.5
2019-01-27 14:00;639;1.349;5.6
2019-01-27 15:00;640;0.9445;6
2019-01-27 16:00;641;0.6191;4.5
2019-01-27 17:00;642;0.1307;3.9
2019-01-27 18:00;643;0.1617;3.1
2019-01-27 19:00;644;0.2858;2.9
2019-01-27 20:00;645;0.2996;3.9
2019-01-27 21:00;646;0.2462;3.5
2019-01-27 22:00;647;0.0805;3
2019-01-27 23:00;648;0.5854;2.4
2019-01-28 00:00;649;1.7127;5.3
2019-01-28 01:00;650;1.7239;6.6
2019-01-28 02:00;651;1.1048;6.2
2019-01-28 03:00;652;0.3109;5.1
2019-01-28 04:00;653;0.4673;3.2
2019-01-28 05:00;654;0.5188;5.1
2019-01-28 06:00;655;0.7491;3.2
2019-01-28 07:00;656;0.761;5.4
2019-01-28 08:00;657;0.5643;2.9
2019-01-28 09:00;658;1.0586;6
2019-01-28 10:00;659;0.8237;5
2019-01-28 11:00;660;1.4282;4.9
2019-01-28 12:00;661;1.3127;5.9
2019-01-28 13:00;662;0.7154;3.9
2019-01-28 14:00;663;0.4996;3.7
2019-01-28 15:00;664;0.7762;4.4
2019-01-28 16:00;665;0.4772;4.2
2019-01-28 17:00;666;0.2779;3.6
2019-01-28 18:00;667;0.565;3.4
2019-01-28 19:00;668;1.9543;4.6
2019-01-28 20:00;669;2.97;7.3
2019-01-28 21:00;670;3.5871;8.4
2019-01-28 22:00;671;3.7904;8.7
2019-01-28 23:00;672;3.3997;8.2
2019-01-29 00:00;673;2.6407;7.9
2019-01-29 01:00;674;1.9846;6.8
2019-01-29 02:00;675;1.6817;5.3
2019-01-29 03:00;676;2.306;7.8
2019-01-29 04:00;677;2.6143;7
2019-01-29 05:00;678;0.7148;6.7
2019-01-29 06:00;679;0.1162;4.6
2019-01-29 07:00;680;0.235;2.2
2019-01-29 08:00;681;0.2336;4
2019-01-29 09:00;682;0;2.7
2019-01-29 10:00;683;0;1.9
2019-01-29 11:00;684;0.0224;1.4
2019-01-29 12:00;685;0.6475;3
2019-01-29 13:00;686;1.45;5
2019-01-29 14:00;687;2.2678;6.5
2019-01-29 15:00;688;1.8157;7.3
2019-01-29 16:00;689;1.0514;5.5
2019-01-29 17:00;690;0.664;4.6
2019-01-29 18:00;691;0.9306;4.6
2019-01-29 19:00;692;1.4764;5
2019-01-29 20:00;693;1.5167;5.8
2019-01-29 21:00;694;2.1542;6.8
2019-01-29 22:00;695;3.0235;7.3
2019-01-29 23:00;696;2.9304;7.4
2019-01-30 00:00;697;3.9626;8.1
2019-01-30 01:00;698;3.5653;8.3
2019-01-30 02:00;699;3.166;8.1
2019-01-30 03:00;700;2.3021;7.9
2019-01-30 04:00;701;1.2428;6.6
2019-01-30 05:00;702;1.0118;5
2019-01-30 06:00;703;1.4342;5.5
2019-01-30 07:00;704;1.9298;6.1
2019-01-30 08:00;705;1.3596;6.8
2019-01-30 09:00;706;1.3391;6
2019-01-30 10:00;707;1.3748;5.9
2019-01-30 11:00;708;1.324;6.3
2019-01-30 12:00;709;1.6177;6.1
2019-01-30 13:00;710;1.6724;6.6
2019-01-30 14:00;711;2.1061;6.3
2019-01-30 15:00;712;2.2546;7.4
2019-01-30 16:00;713;1.3193;6.9
2019-01-30 17:00;714;0.6435;4.4
2019-01-30 18:00;715;1.2038;4.9
2019-01-30 19:00;716;1.7332;6.4
2019-01-30 20:00;717;2.0209;6.4
2019-01-30 21:00;718;2.2744;7.6
2019-01-30 22:00;719;3.2386;7.7
2019-01-30 23:00;720;3.1033;8.3
2019-01-31 00:00;721;2.9502;7.2
2019-01-31 01:00;722;2.1542;7.4
2019-01-31 02:00;723;1.8916;6.4
2019-01-31 03:00;724;1.6262;6.1
2019-01-31 04:00;725;1.8388;6.3
2019-01-31 05:00;726;3.1297;7.2
2019-01-31 06:00;727;3.034;8.4
2019-01-31 07:00;728;2.3258;7.4
2019-01-31 08:00;729;2.7773;7.3
2019-01-31 09:00;730;3.04;8.6
2019-01-31 10:00;731;1.7299;6.5
2019-01-31 11:00;732;1.0336;6
2019-01-31 12:00;733;1.2078;5.7
2019-01-31 13:00;734;0.4303;5.6
2019-01-31 14:00;735;0.0099;2.9
2019-01-31 15:00;736;0.0436;0.9
2019-01-31 16:00;737;0.3835;4.6
2019-01-31 17:00;738;0.5089;4.3
2019-01-31 18:00;739;1.0573;4.5
2019-01-31 19:00;740;1.8368;5.5
2019-01-31 20:00;741;1.846;6.4
2019-01-31 21:00;742;1.6104;6.3
2019-01-31 22:00;743;1.6322;6.6
2019-01-31 23:00;744;0.7748;5.8
2019-02-01 00:00;745;0.8402;4.6
2019-02-01 01:00;746;0.8224;5
2019-02-01 02:00;747;0.4587;5
2019-02-01 03:00;748;0.2897;3
2019-02-01 04:00;749;0.0521;3.6
2019-02-01 05:00;750;0.1584;2.6
2019-02-01 06:00;751;0.8065;4.6
2019-02-01 07:00;752;1.4546;6.1
2019-02-01 08:00;753;1.85;6.1
2019-02-01 09:00;754;1.382;6.5
2019-02-01 10:00;755;0.6303;4.6
2019-02-01 11:00;756;0.4429;4.6
2019-02-01 12:00;757;0.7821;4
2019-02-01 13:00;758;0.3379;4.4
2019-02-01 14:00;759;0.2706;3.3
2019-02-01 15:00;760;0.099;4.5
2019-02-01 16:00;761;0.8488;1.9
2019-02-01 17:00;762;4.882;7.8
2019-02-01 18:00;763;0.365;6.3
2019-02-01 19:00;764;0.7808;5.3
2019-02-01 20:00;765;0.1472;4.7
2019-02-01 21:00;766;0.1129;3.1
2019-02-01 22:00;767;0.3742;3.5
2019-02-01 23:00;768;0.3214;4.2
2019-02-02 00:00;769;0.1888;3.5
2019-02-02 01:00;770;0.4409;3.4
2019-02-02 02:00;771;0.3901;3.7
2019-02-02 03:00;772;0.231;3.4
2019-02-02 04:00;773;0.9313;3.2
2019-02-02 05:00;774;1.2388;5.7
2019-02-02 06:00;775;1.8843;6.2
2019-02-02 07:00;776;1.1022;7
2019-02-02 08:00;777;0.0046;2.9
2019-02-02 09:00;778;0.394;1.9
2019-02-02 10:00;779;1.5074;6.7
2019-02-02 11:00;780;1.5767;7
2019-02-02 12:00;781;1.1715;5.9
2019-02-02 13:00;782;0.8996;4.7
2019-02-02 14:00;783;1.7002;5.7
2019-02-02 15:00;784;1.2593;7
2019-02-02 16:00;785;0.3505;4.1
2019-02-02 17:00;786;0.0007;2.8
2019-02-02 18:00;787;0.0099;1.9
2019-02-02 19:00;788;0.0482;2.5
2019-02-02 20:00;789;0.328;2.8
2019-02-02 21:00;790;0.4897;4.3
2019-02-02 22:00;791;0.4369;4.3
2019-02-02 23:00;792;0.9781;4.4
2019-02-03 00:00;793;0.9781;5.1
2019-02-03 01:00;794;0.8171;5.4
2019-02-03 02:00;795;0.4745;4.1
2019-02-03 03:00;796;0.1756;3.6
2019-02-03 04:00;797;0;1.7
2019-02-03 05:00;798;0.0673;2.8
2019-02-03 06:00;799;0.4429;3.3
2019-02-03 07:00;800;0.8026;4.4
2019-02-03 08:00;801;0.4481;5.2
2019-02-03 09:00;802;0;2.5
2019-02-03 10:00;803;0.1313;2.6
2019-02-03 11:00;804;0.3201;3.5
2019-02-03 12:00;805;0.3399;3.5
2019-02-03 13:00;806;0.4435;3.8
2019-02-03 14:00;807;0.3161;3.5
2019-02-03 15:00;808;0.4125;4.2
2019-02-03 16:00;809;0.2435;3.4
2019-02-03 17:00;810;0.0317;3.3
2019-02-03 18:00;811;0;1.9
2019-02-03 19:00;812;0.0323;1.9
2019-02-03 20:00;813;0.5141;3.2
2019-02-03 21:00;814;2.6737;5.2
2019-02-03 22:00;815;3.626;10.6
2019-02-03 23:00;816;1.9906;8.2
2019-02-04 00:00;817;3.6056;6.7
2019-02-04 01:00;818;3.9725;9.8
2019-02-04 02:00;819;3.7607;9.4
2019-02-04 03:00;820;3.7699;8.4
2019-02-04 04:00;821;2.6974;8.9
2019-02-04 05:00;822;0.458;3.2
2019-02-04 06:00;823;0.7352;4.7
2019-02-04 07:00;824;1.3933;5.2
2019-02-04 08:00;825;2.0526;5.9
2019-02-04 09:00;826;1.7417;7.2
2019-02-04 10:00;827;0.4858;5.6
2019-02-04 11:00;828;0;2
2019-02-04 12:00;829;0;0.8
2019-02-04 13:00;830;0.0007;1.8
2019-02-04 14:00;831;0.0066;2.8
2019-02-04 15:00;832;0;2.5
2019-02-04 16:00;833;0;2.4
2019-02-04 17:00;834;0;2.5
2019-02-04 18:00;835;0.0772;1.4
2019-02-04 19:00;836;0.9814;4
2019-02-04 20:00;837;1.4447;5.8
2019-02-04 21:00;838;1.2718;6.8
2019-02-04 22:00;839;2.3753;5.9
2019-02-04 23:00;840;1.7556;5.4
2019-02-05 00:00;841;2.9;6.4
2019-02-05 01:00;842;3.4181;8.2
2019-02-05 02:00;843;2.5654;8.1
2019-02-05 03:00;844;2.6367;7.1
2019-02-05 04:00;845;3.1548;7.2
2019-02-05 05:00;846;1.4282;7.8
2019-02-05 06:00;847;0.7643;5.2
2019-02-05 07:00;848;0.7676;4.4
2019-02-05 08:00;849;1.4362;5.7
2019-02-05 09:00;850;1.2052;6.1
2019-02-05 10:00;851;1.5101;6
2019-02-05 11:00;852;1.4164;5.4
2019-02-05 12:00;853;2.3773;6.6
2019-02-05 13:00;854;3.3686;8.8
2019-02-05 14:00;855;4.36;8.7
2019-02-05 15:00;856;3.0598;8.5
2019-02-05 16:00;857;1.2144;6.7
2019-02-05 17:00;858;0.8006;5
2019-02-05 18:00;859;0.9517;4.5
2019-02-05 19:00;860;0.9913;5.1
2019-02-05 20:00;861;1.5332;5.5
2019-02-05 21:00;862;1.8044;5.4
2019-02-05 22:00;863;1.6309;5.7
2019-02-05 23:00;864;0.8349;5.6
2019-02-06 00:00;865;0.1544;4.5
2019-02-06 01:00;866;0.2739;2.1
2019-02-06 02:00;867;1.7477;5.8
2019-02-06 03:00;868;2.1074;6.2
2019-02-06 04:00;869;0.297;5.2
2019-02-06 05:00;870;0.0277;2
2019-02-06 06:00;871;0;2
2019-02-06 07:00;872;0.2798;0.5
2019-02-06 08:00;873;0.132;3.9
2019-02-06 09:00;874;0.4759;2.5
2019-02-06 10:00;875;0.5887;4.7
2019-02-06 11:00;876;0.6501;4.1
2019-02-06 12:00;877;0.8078;4.7
2019-02-06 13:00;878;0.8177;4.2
2019-02-06 14:00;879;0.9887;5.6
2019-02-06 15:00;880;1.0184;4.6
2019-02-06 16:00;881;1.1629;5
2019-02-06 17:00;882;0.889;5.5
2019-02-06 18:00;883;1.6705;4.3
2019-02-06 19:00;884;1.7173;5.6
2019-02-06 20:00;885;2.5819;6.8
2019-02-06 21:00;886;2.8043;7.2
2019-02-06 22:00;887;2.6882;7.3
2019-02-06 23:00;888;1.8982;6.6
2019-02-07 00:00;889;1.3781;6.5
2019-02-07 01:00;890;1.3669;5.4
2019-02-07 02:00;891;1.3088;5.9
2019-02-07 03:00;892;0.526;4.7
2019-02-07 04:00;893;0.2666;3.8
2019-02-07 05:00;894;0.4811;3.7
2019-02-07 06:00;895;0.5214;4.5
2019-02-07 07:00;896;0.5234;4.2
2019-02-07 08:00;897;0.3333;3.8
2019-02-07 09:00;898;0.1419;3.3
2019-02-07 10:00;899;0;2.4
2019-02-07 11:00;900;0;2.2
2019-02-07 12:00;901;0;1.7
2019-02-07 13:00;902;0;0.3
2019-02-07 14:00;903;0;2.4
2019-02-07 15:00;904;0.0911;2.8
2019-02-07 16:00;905;0.2152;3.2
2019-02-07 17:00;906;0.066;3
2019-02-07 18:00;907;0.0007;2.5
2019-02-07 19:00;908;0.1043;2.3
2019-02-07 20:00;909;0.1624;3.4
2019-02-07 21:00;910;0.1478;2.8
2019-02-07 22:00;911;0.2244;3.4
2019-02-07 23:00;912;0.1511;3.4
2019-02-08 00:00;913;0.132;2.4
2019-02-08 01:00;914;0.2086;3
2019-02-08 02:00;915;0.4303;3.4
2019-02-08 03:00;916;0.3551;4.7
2019-02-08 04:00;917;0.3274;3.7
2019-02-08 05:00;918;0.5293;3.5
2019-02-08 06:00;919;1.5563;5
2019-02-08 07:00;920;2.5087;6.6
2019-02-08 08:00;921;2.9396;7.6
2019-02-08 09:00;922;2.9654;7.9
2019-02-08 10:00;923;3.3719;8.2
2019-02-08 11:00;924;3.6102;8.5
2019-02-08 12:00;925;2.8043;8
2019-02-08 13:00;926;2.7575;7.5
2019-02-08 14:00;927;3.2248;7.2
2019-02-08 15:00;928;3.9488;8.7
2019-02-08 16:00;929;3.632;8.7
2019-02-08 17:00;930;1.2949;7.4
2019-02-08 18:00;931;0;7.7
2019-02-08 19:00;932;0;7.7
2019-02-08 20:00;933;0;7.7
2019-02-08 21:00;934;0;7.7
2019-02-08 22:00;935;0;7.7
2019-02-08 23:00;936;0;7.7
2019-02-09 00:00;937;0;7.7
2019-02-09 01:00;938;0;7.7
2019-02-09 02:00;939;1.5992;8
2019-02-09 03:00;940;2.079;7.6
2019-02-09 04:00;941;2.145;7.8
2019-02-09 05:00;942;2.409;6.6
2019-02-09 06:00;943;2.4941;7.8
2019-02-09 07:00;944;3.4577;7.8
2019-02-09 08:00;945;3.296;8.5
2019-02-09 09:00;946;2.7113;7.9
2019-02-09 10:00;947;2.9997;7.9
2019-02-09 11:00;948;3.1812;7.6
2019-02-09 12:00;949;2.539;7.2
2019-02-09 13:00;950;3.496;7.6
2019-02-09 14:00;951;2.2955;8.7
2019-02-09 15:00;952;0.4;8.3
2019-02-09 16:00;953;0.2383;2.9
2019-02-09 17:00;954;0.5221;4.5
2019-02-09 18:00;955;0.8494;3.9
2019-02-09 19:00;956;0.3432;5.1
2019-02-09 20:00;957;0.3551;3.2
2019-02-09 21:00;958;0.3736;3.8
2019-02-09 22:00;959;0.3036;3.7
2019-02-09 23:00;960;0.2812;3
2019-02-10 00:00;961;0.1762;3.3
2019-02-10 01:00;962;0.1907;2.1
2019-02-10 02:00;963;0.5597;4.2
2019-02-10 03:00;964;0.262;3.3
2019-02-10 04:00;965;0.0092;3.1
2019-02-10 05:00;966;0;1.4
2019-02-10 06:00;967;0;0.3
2019-02-10 07:00;968;0;1.4
2019-02-10 08:00;969;0.3109;2.5
2019-02-10 09:00;970;1.6493;5.4
2019-02-10 10:00;971;1.7912;6.6
2019-02-10 11:00;972;3.6967;7.5
2019-02-10 12:00;973;1.3754;7.7
2019-02-10 13:00;974;0.3472;4.9
2019-02-10 14:00;975;4.5124;3.7
2019-02-10 15:00;976;2.1727;9.7
2019-02-10 16:00;977;0.2924;4.5
2019-02-10 17:00;978;0.4508;3
2019-02-10 18:00;979;1.1814;4.7
2019-02-10 19:00;980;0.6131;5
2019-02-10 20:00;981;0.3485;3.2
2019-02-10 21:00;982;0.5425;4
2019-02-10 22:00;983;0.5999;3.7
2019-02-10 23:00;984;0.9431;4.6
2019-02-11 00:00;985;0.7861;4.7
2019-02-11 01:00;986;0.559;4.4
2019-02-11 02:00;987;0.4389;4
2019-02-11 03:00;988;0.6468;4.1
2019-02-11 04:00;989;1.2012;5.1
2019-02-11 05:00;990;1.9259;5.6
2019-02-11 06:00;991;3.601;8.1
2019-02-11 07:00;992;3.659;8.3
2019-02-11 08:00;993;3.8933;9.1
2019-02-11 09:00;994;2.6242;6.9
2019-02-11 10:00;995;4.257;8.8
2019-02-11 11:00;996;3.8438;9.4
2019-02-11 12:00;997;4.6358;9.4
2019-02-11 13:00;998;3.0558;8.7
2019-02-11 14:00;999;1.7602;7.9
2019-02-11 15:00;1000;0.9887;5.2
2019-02-11 16:00;1001;0.4481;4.2
2019-02-11 17:00;1002;0.4151;4
2019-02-11 18:00;1003;0.5029;3.3
2019-02-11 19:00;1004;0.9511;5.3
2019-02-11 20:00;1005;1.1583;6.5
2019-02-11 21:00;1006;0.7313;6
2019-02-11 22:00;1007;0.3656;5.1
2019-02-11 23:00;1008;0.3769;4.8
2019-02-12 00:00;1009;0.7029;4.2
2019-02-12 01:00;1010;0.6217;4.9
2019-02-12 02:00;1011;0.3676;2.8
2019-02-12 03:00;1012;0.4237;5.6
2019-02-12 04:00;1013;0.2825;2.1
2019-02-12 05:00;1014;1.3807;5
2019-02-12 06:00;1015;0.6778;2
2019-02-12 07:00;1016;0.3274;2.9
2019-02-12 08:00;1017;0.2864;3.6
2019-02-12 09:00;1018;0.4508;3.3
2019-02-12 10:00;1019;0.4765;4.2
2019-02-12 11:00;1020;0.8283;3.7
2019-02-12 12:00;1021;1.5398;6
2019-02-12 13:00;1022;2.2975;6.4
2019-02-12 14:00;1023;2.5417;7.6
2019-02-12 15:00;1024;2.8578;7.6
2019-02-12 16:00;1025;2.3859;7
2019-02-12 17:00;1026;2.8756;7.3
2019-02-12 18:00;1027;3.2894;7.8
2019-02-12 19:00;1028;3.2551;7.8
2019-02-12 20:00;1029;3.6775;7.2
2019-02-12 21:00;1030;3.5653;9.1
2019-02-12 22:00;1031;2.7905;7
2019-02-12 23:00;1032;2.2315;7.4
2019-02-13 00:00;1033;1.3233;6.6
2019-02-13 01:00;1034;1.0395;4.4
2019-02-13 02:00;1035;0.7867;5.1
2019-02-13 03:00;1036;0.697;5.1
2019-02-13 04:00;1037;1.0791;4.8
2019-02-13 05:00;1038;1.4447;6.1
2019-02-13 06:00;1039;1.8031;5.5
2019-02-13 07:00;1040;2.5403;7.3
2019-02-13 08:00;1041;2.7694;7.9
2019-02-13 09:00;1042;2.0341;7.3
2019-02-13 10:00;1043;1.6876;6.3
2019-02-13 11:00;1044;0.7253;5.3
2019-02-13 12:00;1045;0.5557;3.8
2019-02-13 13:00;1046;0.9689;4.5
2019-02-13 14:00;1047;0.8349;4.9
2019-02-13 15:00;1048;0.5709;5
2019-02-13 16:00;1049;0.7115;3.9
2019-02-13 17:00;1050;0.9293;3.8
2019-02-13 18:00;1051;2.017;6.5
2019-02-13 19:00;1052;1.8355;7
2019-02-13 20:00;1053;2.0196;6.6
2019-02-13 21:00;1054;1.8005;6.3
2019-02-13 22:00;1055;1.7147;5.9
2019-02-13 23:00;1056;1.3893;5.6
2019-02-14 00:00;1057;1.2764;5.2
2019-02-14 01:00;1058;0.7306;5.3
2019-02-14 02:00;1059;0.4297;4.2
2019-02-14 03:00;1060;0.0396;3.4
2019-02-14 04:00;1061;0.0198;1.9
2019-02-14 05:00;1062;0.2257;2.9
2019-02-14 06:00;1063;0.6838;4.2
2019-02-14 07:00;1064;1.0778;5.1
2019-02-14 08:00;1065;1.0256;5
2019-02-14 09:00;1066;0.7933;4.5
2019-02-14 10:00;1067;0.8052;5.3
2019-02-14 11:00;1068;0.3478;4.5
2019-02-14 12:00;1069;0.1907;3.2
2019-02-14 13:00;1070;0.0053;2.9
2019-02-14 14:00;1071;0.0073;2.4
2019-02-14 15:00;1072;0.0746;2.8
2019-02-14 16:00;1073;0.1531;3
2019-02-14 17:00;1074;0.0752;3.3
2019-02-14 18:00;1075;0.0297;2.8
2019-02-14 19:00;1076;0.1564;3
2019-02-14 20:00;1077;0.13;3.3
2019-02-14 21:00;1078;0.1577;3.3
2019-02-14 22:00;1079;0.1181;2.8
2019-02-14 23:00;1080;0.002;2.6
2019-02-15 00:00;1081;0.0007;1.9
2019-02-15 01:00;1082;0.0766;2.5
2019-02-15 02:00;1083;0.3122;3.1
2019-02-15 03:00;1084;0.3749;4.1
2019-02-15 04:00;1085;0.5174;3.4
2019-02-15 05:00;1086;0.7313;4.2
2019-02-15 06:00;1087;1.9463;5.4
2019-02-15 07:00;1088;2.9779;6.7
2019-02-15 08:00;1089;3.1271;7.8
2019-02-15 09:00;1090;3.0169;7.8
2019-02-15 10:00;1091;3.106;7.5
2019-02-15 11:00;1092;3.2155;7.7
2019-02-15 12:00;1093;3.4551;8.4
2019-02-15 13:00;1094;3.0274;8
2019-02-15 14:00;1095;2.6123;7.6
2019-02-15 15:00;1096;2.6281;7.4
2019-02-15 16:00;1097;2.411;7.1
2019-02-15 17:00;1098;1.052;6.1
2019-02-15 18:00;1099;0.9775;4.8
2019-02-15 19:00;1100;1.291;5.3
2019-02-15 20:00;1101;1.9463;6
2019-02-15 21:00;1102;1.8916;7.3
2019-02-15 22:00;1103;1.4758;6.4
2019-02-15 23:00;1104;1.0652;5.5
2019-02-16 00:00;1105;0.889;5.1
2019-02-16 01:00;1106;0.8059;4.9
2019-02-16 02:00;1107;0.7339;4.8
2019-02-16 03:00;1108;0.8923;4.8
2019-02-16 04:00;1109;1.2613;5
2019-02-16 05:00;1110;2.908;6.8
2019-02-16 06:00;1111;3.403;8.1
2019-02-16 07:00;1112;3.3231;8.4
2019-02-16 08:00;1113;2.8736;8.1
2019-02-16 09:00;1114;2.5938;7.2
2019-02-16 10:00;1115;2.1899;7.5
2019-02-16 11:00;1116;1.7186;5.8
2019-02-16 12:00;1117;1.5305;5.9
2019-02-16 13:00;1118;1.1141;6.3
2019-02-16 14:00;1119;1.188;6
2019-02-16 15:00;1120;0.5089;5.3
2019-02-16 16:00;1121;0.1822;3.5
2019-02-16 17:00;1122;0.4402;3.4
2019-02-16 18:00;1123;0.4066;4
2019-02-16 19:00;1124;0.2746;4.4
2019-02-16 20:00;1125;0.5095;4.2
2019-02-16 21:00;1126;0.7649;4.6
2019-02-16 22:00;1127;0.1241;3.6
2019-02-16 23:00;1128;0.068;4.3
2019-02-17 00:00;1129;0.0561;2.1
2019-02-17 01:00;1130;0.0145;2.7
2019-02-17 02:00;1131;0.0271;2.8
2019-02-17 03:00;1132;0;2.1
2019-02-17 04:00;1133;0;1.7
2019-02-17 05:00;1134;0;1.8
2019-02-17 06:00;1135;0;1.2
2019-02-17 07:00;1136;0;1.7
2019-02-17 08:00;1137;0;1.9
2019-02-17 09:00;1138;0;2.4
2019-02-17 10:00;1139;0;2
2019-02-17 11:00;1140;0.0106;2.4
2019-02-17 12:00;1141;0.004;2.8
2019-02-17 13:00;1142;0;2.3
2019-02-17 14:00;1143;0;2.5
2019-02-17 15:00;1144;0.0086;2.2
2019-02-17 16:00;1145;0.2053;2.7
2019-02-17 17:00;1146;0.1676;3.4
2019-02-17 18:00;1147;0.128;2.8
2019-02-17 19:00;1148;0.6752;3.7
2019-02-17 20:00;1149;0.5524;4.1
2019-02-17 21:00;1150;0.6475;4.4
2019-02-17 22:00;1151;0.9458;4.9
2019-02-17 23:00;1152;1.0771;5.4
2019-02-18 00:00;1153;0.6904;4.8
2019-02-18 01:00;1154;0.6547;4.5
2019-02-18 02:00;1155;0.6158;4.3
2019-02-18 03:00;1156;0.8125;4.4
2019-02-18 04:00;1157;1.1154;4.8
2019-02-18 05:00;1158;2.1166;6.1
2019-02-18 06:00;1159;2.1839;6.8
2019-02-18 07:00;1160;2.3113;6.6
2019-02-18 08:00;1161;1.877;7.4
2019-02-18 09:00;1162;1.6064;6.2
2019-02-18 10:00;1163;0.9319;5.5
2019-02-18 11:00;1164;1.2203;5
2019-02-18 12:00;1165;0.5815;5.4
2019-02-18 13:00;1166;0.5135;4
2019-02-18 14:00;1167;0.0462;3.6
2019-02-18 15:00;1168;0;2.6
2019-02-18 16:00;1169;0;1.8
2019-02-18 17:00;1170;0;0.8
2019-02-18 18:00;1171;0.0007;1.3
2019-02-18 19:00;1172;0.1122;2.7
2019-02-18 20:00;1173;0.3821;3.6
2019-02-18 21:00;1174;0.5432;3.9
2019-02-18 22:00;1175;0.9794;4.8
2019-02-18 23:00;1176;0.9398;5.3
2019-02-19 00:00;1177;0.8468;4.4
2019-02-19 01:00;1178;0.6706;4.1
2019-02-19 02:00;1179;1.3253;5.5
2019-02-19 03:00;1180;1.8876;6.1
2019-02-19 04:00;1181;0.9656;6.3
2019-02-19 05:00;1182;1.3411;5.1
2019-02-19 06:00;1183;1.5332;6.1
2019-02-19 07:00;1184;0.6277;6.1
2019-02-19 08:00;1185;0.4963;3.8
2019-02-19 09:00;1186;2.1014;7.2
2019-02-19 10:00;1187;2.4532;6.9
2019-02-19 11:00;1188;2.1707;6.9
2019-02-19 12:00;1189;2.4565;6.2
2019-02-19 13:00;1190;1.1352;6.2
2019-02-19 14:00;1191;1.0837;4.7
2019-02-19 15:00;1192;2.4856;6.2
2019-02-19 16:00;1193;1.7516;6.8
2019-02-19 17:00;1194;1.8533;6.2
2019-02-19 18:00;1195;1.5622;6.7
2019-02-19 19:00;1196;1.6632;5.3
2019-02-19 20:00;1197;2.0506;7
2019-02-19 21:00;1198;1.2692;6.8
2019-02-19 22:00;1199;1.1451;5.6
2019-02-19 23:00;1200;0.9517;5.1
2019-02-20 00:00;1201;1.78;4.7
2019-02-20 01:00;1202;2.8981;7.9
2019-02-20 02:00;1203;1.7457;7
2019-02-20 03:00;1204;0.8415;5.4
2019-02-20 04:00;1205;0.6217;3.9
2019-02-20 05:00;1206;0.7709;4.6
2019-02-20 06:00;1207;0.6666;4.7
2019-02-20 07:00;1208;1.4216;4.8
2019-02-20 08:00;1209;1.4078;6.6
2019-02-20 09:00;1210;1.2758;6.1
2019-02-20 10:00;1211;1.4777;5.5
2019-02-20 11:00;1212;1.1213;5.9
2019-02-20 12:00;1213;0.5227;5
2019-02-20 13:00;1214;0.7458;3.9
2019-02-20 14:00;1215;1.1068;5.7
2019-02-20 15:00;1216;0.8507;5.5
2019-02-20 16:00;1217;0.697;4.6
2019-02-20 17:00;1218;0.1379;3.6
2019-02-20 18:00;1219;0.002;2.5
2019-02-20 19:00;1220;0.2858;2.2
2019-02-20 20:00;1221;0.7973;3.7
2019-02-20 21:00;1222;1.0791;5.2
2019-02-20 22:00;1223;1.4263;5
2019-02-20 23:00;1224;1.1312;5.7
2019-02-21 00:00;1225;3.2967;8.5
2019-02-21 01:00;1226;0.5485;5.3
2019-02-21 02:00;1227;0.3353;3.1
2019-02-21 03:00;1228;0.625;4.4
2019-02-21 04:00;1229;2.2519;4.7
2019-02-21 05:00;1230;1.1075;5.7
2019-02-21 06:00;1231;2.7944;5.6
2019-02-21 07:00;1232;0.5135;6
2019-02-21 08:00;1233;1.522;4
2019-02-21 09:00;1234;1.184;6.1
2019-02-21 10:00;1235;1.0804;5.2
2019-02-21 11:00;1236;1.0124;5.1
2019-02-21 12:00;1237;1.1477;4.7
2019-02-21 13:00;1238;1.2243;5.7
2019-02-21 14:00;1239;1.2817;5.6
2019-02-21 15:00;1240;1.2863;5.4
2019-02-21 16:00;1241;0.9445;5.4
2019-02-21 17:00;1242;1.652;5.1
2019-02-21 18:00;1243;1.5517;6.3
2019-02-21 19:00;1244;2.1285;6.4
2019-02-21 20:00;1245;2.6888;7.2
2019-02-21 21:00;1246;2.77;8.5
2019-02-21 22:00;1247;2.6974;8.3
2019-02-21 23:00;1248;2.3714;8.3
2019-02-22 00:00;1249;3.8709;5.7
2019-02-22 01:00;1250;2.7707;8.3
2019-02-22 02:00;1251;1.918;4.3
2019-02-22 03:00;1252;1.5899;7.5
2019-02-22 04:00;1253;1.852;6.2
2019-02-22 05:00;1254;2.0539;6.3
2019-02-22 06:00;1255;2.1516;6.8
2019-02-22 07:00;1256;2.2968;6.5
2019-02-22 08:00;1257;1.5101;6.3
2019-02-22 09:00;1258;2.0163;6.3
2019-02-22 10:00;1259;1.9675;6.6
2019-02-22 11:00;1260;1.714;5.4
2019-02-22 12:00;1261;1.5985;6.2
2019-02-22 13:00;1262;1.9061;5.8
2019-02-22 14:00;1263;2.378;6.7
2019-02-22 15:00;1264;1.8949;6.6
2019-02-22 16:00;1265;1.0771;6.1
2019-02-22 17:00;1266;0.895;4.9
2019-02-22 18:00;1267;1.8025;6
2019-02-22 19:00;1268;1.8658;6.3
2019-02-22 20:00;1269;1.8044;6.9
2019-02-22 21:00;1270;2.141;7.2
2019-02-22 22:00;1271;2.0321;7.9
2019-02-22 23:00;1272;2.5502;7.4
2019-02-23 00:00;1273;1.753;7.1
2019-02-23 01:00;1274;1.3312;6.1
2019-02-23 02:00;1275;1.093;6
2019-02-23 03:00;1276;1.0619;4
2019-02-23 04:00;1277;0.5815;5.3
2019-02-23 05:00;1278;0.9372;3.9
2019-02-23 06:00;1279;0.7379;5.3
2019-02-23 07:00;1280;0.8679;4.9
2019-02-23 08:00;1281;1.0435;5.6
2019-02-23 09:00;1282;0.8138;5.1
2019-02-23 10:00;1283;0.6092;4.9
2019-02-23 11:00;1284;0.7075;4.5
2019-02-23 12:00;1285;1.0633;5.2
2019-02-23 13:00;1286;0.9781;5.8
2019-02-23 14:00;1287;0.7207;4.6
2019-02-23 15:00;1288;1.1392;5.7
2019-02-23 16:00;1289;1.5748;6.3
2019-02-23 17:00;1290;0.8164;5.8
2019-02-23 18:00;1291;0.6211;4.7
2019-02-23 19:00;1292;0.5478;5
2019-02-23 20:00;1293;0.3663;4.2
2019-02-23 21:00;1294;0.3412;3.9
2019-02-23 22:00;1295;0.2792;3.5
2019-02-23 23:00;1296;0.1459;4.3
2019-02-24 00:00;1297;0.0376;3.2
2019-02-24 01:00;1298;0.1426;3.1
2019-02-24 02:00;1299;0.1148;4
2019-02-24 03:00;1300;0.0363;3.2
2019-02-24 04:00;1301;0;2.6
2019-02-24 05:00;1302;0;2.3
2019-02-24 06:00;1303;0;1.7
2019-02-24 07:00;1304;0;2.1
2019-02-24 08:00;1305;0.0119;2.6
2019-02-24 09:00;1306;0.0865;3.1
2019-02-24 10:00;1307;0.0389;3.7
2019-02-24 11:00;1308;0;3
2019-02-24 12:00;1309;0;2
2019-02-24 13:00;1310;0;1.8
2019-02-24 14:00;1311;0;2.5
2019-02-24 15:00;1312;0;2.3
2019-02-24 16:00;1313;0;1.9
2019-02-24 17:00;1314;0;2.3
2019-02-24 18:00;1315;0.0165;3.1
2019-02-24 19:00;1316;0.1439;3.2
2019-02-24 20:00;1317;0.0891;3.5
2019-02-24 21:00;1318;0.0488;3.2
2019-02-24 22:00;1319;0.1459;3.2
2019-02-24 23:00;1320;0.3003;4.7
2019-02-25 00:00;1321;0.1736;3.6
2019-02-25 01:00;1322;0.266;3.2
2019-02-25 02:00;1323;0.4811;3.4
2019-02-25 03:00;1324;1.2936;6
2019-02-25 04:00;1325;0.8758;5.6
2019-02-25 05:00;1326;1.5701;5.9
2019-02-25 06:00;1327;1.3101;6.1
2019-02-25 07:00;1328;1.3715;5.6
2019-02-25 08:00;1329;1.087;5.6
2019-02-25 09:00;1330;0.7286;4.8
2019-02-25 10:00;1331;1.091;5.2
2019-02-25 11:00;1332;0.6422;5.2
2019-02-25 12:00;1333;0.627;4.2
2019-02-25 13:00;1334;0.3808;4.7
2019-02-25 14:00;1335;0.2699;4.3
2019-02-25 15:00;1336;0.0977;3.9
2019-02-25 16:00;1337;0;2.7
2019-02-25 17:00;1338;0;1.6
2019-02-25 18:00;1339;0;2.6
2019-02-25 19:00;1340;0.0409;2.2
2019-02-25 20:00;1341;0.161;3.9
2019-02-25 21:00;1342;0.557;3.6
2019-02-25 22:00;1343;1.4362;5.5
2019-02-25 23:00;1344;0.7696;6
2019-02-26 00:00;1345;0.9788;5.4
2019-02-26 01:00;1346;1.1042;5.9
2019-02-26 02:00;1347;0.9992;5.9
2019-02-26 03:00;1348;0.9814;5.4
2019-02-26 04:00;1349;0.3392;4.9
2019-02-26 05:00;1350;0.0634;3.5
2019-02-26 06:00;1351;0.0317;2.9
2019-02-26 07:00;1352;0.004;3.1
2019-02-26 08:00;1353;0;2.8
2019-02-26 09:00;1354;0.0007;2.5
2019-02-26 10:00;1355;0;2.5
2019-02-26 11:00;1356;0;2.6
2019-02-26 12:00;1357;0;2.8
2019-02-26 13:00;1358;0.1393;3.4
2019-02-26 14:00;1359;0.2521;3.8
2019-02-26 15:00;1360;0.2317;3.9
2019-02-26 16:00;1361;0.3452;3.4
2019-02-26 17:00;1362;0.3432;4.7
2019-02-26 18:00;1363;0.2092;4.1
2019-02-26 19:00;1364;0.101;3.6
2019-02-26 20:00;1365;0.0218;3.1
2019-02-26 21:00;1366;0.1346;3.1
2019-02-26 22:00;1367;0.1736;3.4
2019-02-26 23:00;1368;0.2699;4.2
2019-02-27 00:00;1369;0.2066;3.9
2019-02-27 01:00;1370;0.194;3.1
2019-02-27 02:00;1371;0.1558;4.1
2019-02-27 03:00;1372;0.1795;4.1
2019-02-27 04:00;1373;0.167;3.6
2019-02-27 05:00;1374;0.2897;3.8
2019-02-27 06:00;1375;0.4534;3.9
2019-02-27 07:00;1376;0.2798;4.3
2019-02-27 08:00;1377;0.1538;3.6
2019-02-27 09:00;1378;0.0752;3.1
2019-02-27 10:00;1379;0.429;3.8
2019-02-27 11:00;1380;0.6184;4.2
2019-02-27 12:00;1381;1.4216;5.4
2019-02-27 13:00;1382;2.8327;6.8
2019-02-27 14:00;1383;2.0942;8
2019-02-27 15:00;1384;1.2368;5.7
2019-02-27 16:00;1385;1.8209;6.5
2019-02-27 17:00;1386;2.042;6.2
2019-02-27 18:00;1387;1.8124;6.8
2019-02-27 19:00;1388;2.7958;6.6
2019-02-27 20:00;1389;1.8711;7.4
2019-02-27 21:00;1390;2.7958;7.4
2019-02-27 22:00;1391;2.9192;7.2
2019-02-27 23:00;1392;2.8189;8
2019-02-28 00:00;1393;2.3852;6.3
2019-02-28 01:00;1394;3.4683;8.6
2019-02-28 02:00;1395;3.9422;9.1
2019-02-28 03:00;1396;3.0136;8.4
2019-02-28 04:00;1397;1.9081;7
2019-02-28 05:00;1398;1.5444;6.7
2019-02-28 06:00;1399;1.1411;5.8
2019-02-28 07:00;1400;0.3782;4.8
2019-02-28 08:00;1401;0.7953;4.5
2019-02-28 09:00;1402;0.8606;5.3
2019-02-28 10:00;1403;0.9986;5
2019-02-28 11:00;1404;1.784;6.8
2019-02-28 12:00;1405;0.9755;6.2
2019-02-28 13:00;1406;0.7755;4.7
2019-02-28 14:00;1407;0.4501;5
2019-02-28 15:00;1408;0.2072;3.9
2019-02-28 16:00;1409;0.0898;3.7
2019-02-28 17:00;1410;0;2.4
2019-02-28 18:00;1411;0;1.8
2019-02-28 19:00;1412;0.0013;2
2019-02-28 20:00;1413;0.0442;3
2019-02-28 21:00;1414;0.1742;3.6
2019-02-28 22:00;1415;0.0416;3.1
2019-02-28 23:00;1416;0.0429;3.1
2019-03-01 00:00;1417;0.1102;2.9
2019-03-01 01:00;1418;0.1571;3.5
2019-03-01 02:00;1419;0.0495;2.9
2019-03-01 03:00;1420;0.0271;2.7
2019-03-01 04:00;1421;0.0053;3.3
2019-03-01 05:00;1422;0.0086;2.3
2019-03-01 06:00;1423;0.0007;3
2019-03-01 07:00;1424;0.0429;3.1
2019-03-01 08:00;1425;0.3386;3.9
2019-03-01 09:00;1426;0.5366;4.3
2019-03-01 10:00;1427;0.9953;4.9
2019-03-01 11:00;1428;1.3966;5.7
2019-03-01 12:00;1429;0.8217;5.5
2019-03-01 13:00;1430;0.8224;5
2019-03-01 14:00;1431;0.7379;5.1
2019-03-01 15:00;1432;0.6151;4.8
2019-03-01 16:00;1433;0.7148;4.7
2019-03-01 17:00;1434;0.5584;5
2019-03-01 18:00;1435;0.3736;3.7
2019-03-01 19:00;1436;0.6765;4.4
2019-03-01 20:00;1437;1.0699;5.3
2019-03-01 21:00;1438;1.3926;6.1
2019-03-01 22:00;1439;1.2111;6.6
2019-03-01 23:00;1440;1.0646;5.9
2019-03-02 00:00;1441;0.7273;5.3
2019-03-02 01:00;1442;0.5577;5.1
2019-03-02 02:00;1443;0.3505;4.7
2019-03-02 03:00;1444;0.3274;3.7
2019-03-02 04:00;1445;0.7762;4.6
2019-03-02 05:00;1446;1.4164;5.3
2019-03-02 06:00;1447;1.8388;6.1
2019-03-02 07:00;1448;2.6182;7.3
2019-03-02 08:00;1449;2.1747;7.5
2019-03-02 09:00;1450;1.7728;6.4
2019-03-02 10:00;1451;2.0744;6.6
2019-03-02 11:00;1452;1.8421;6.7
2019-03-02 12:00;1453;1.6025;6.4
2019-03-02 13:00;1454;1.1464;6.1
2019-03-02 14:00;1455;0.9504;5.1
2019-03-02 15:00;1456;1.1748;5.6
2019-03-02 16:00;1457;1.3312;6.1
2019-03-02 17:00;1458;0.5412;5.4
2019-03-02 18:00;1459;0.1498;3.7
2019-03-02 19:00;1460;0.0865;3.6
2019-03-02 20:00;1461;0.1914;3.3
2019-03-02 21:00;1462;0.5993;4.1
2019-03-02 22:00;1463;1.0936;5.3
2019-03-02 23:00;1464;1.3055;6.2
2019-03-03 00:00;1465;1.1009;5.7
2019-03-03 01:00;1466;1.3906;5.6
2019-03-03 02:00;1467;1.1893;5.7
2019-03-03 03:00;1468;1.3695;5.8
2019-03-03 04:00;1469;2.2572;6.3
2019-03-03 05:00;1470;2.9608;7.3
2019-03-03 06:00;1471;3.3053;7.7
2019-03-03 07:00;1472;4.1184;8.7
2019-03-03 08:00;1473;3.9039;8.2
2019-03-03 09:00;1474;3.8531;8.4
2019-03-03 10:00;1475;2.8901;7.9
2019-03-03 11:00;1476;2.6004;7.1
2019-03-03 12:00;1477;3.106;6.9
2019-03-03 13:00;1478;4.3078;8.2
2019-03-03 14:00;1479;3.7297;10
2019-03-03 15:00;1480;2.9951;7.4
2019-03-03 16:00;1481;2.1153;7.3
2019-03-03 17:00;1482;1.6975;6.5
2019-03-03 18:00;1483;0.6904;5.1
2019-03-03 19:00;1484;0.5881;4.9
2019-03-03 20:00;1485;0.79;4.5
2019-03-03 21:00;1486;1.9628;6.2
2019-03-03 22:00;1487;2.4532;6.9
2019-03-03 23:00;1488;2.6202;6.5
2019-03-04 00:00;1489;3.6432;7.9
2019-03-04 01:00;1490;2.6044;8.4
2019-03-04 02:00;1491;3.1515;6.7
2019-03-04 03:00;1492;1.7662;6.9
2019-03-04 04:00;1493;1.2276;5.9
2019-03-04 05:00;1494;2.0935;5.9
2019-03-04 06:00;1495;0.9781;5.6
2019-03-04 07:00;1496;1.2639;5.2
2019-03-04 08:00;1497;1.188;5.7
2019-03-04 09:00;1498;1.2316;5.1
2019-03-04 10:00;1499;0.961;5.7
2019-03-04 11:00;1500;0.4303;3.9
2019-03-04 12:00;1501;0.46;4.5
2019-03-04 13:00;1502;0.8296;4.5
2019-03-04 14:00;1503;0.8329;5.2
2019-03-04 15:00;1504;0.4706;4.8
2019-03-04 16:00;1505;0.1188;3.4
2019-03-04 17:00;1506;0.2013;3.8
2019-03-04 18:00;1507;0.1485;3.6
2019-03-04 19:00;1508;0.0541;3.6
2019-03-04 20:00;1509;0.3181;3.1
2019-03-04 21:00;1510;0.2739;4.4
2019-03-04 22:00;1511;0.1709;3.5
2019-03-04 23:00;1512;0.0013;3
2019-03-05 00:00;1513;0.0066;2.6
2019-03-05 01:00;1514;0.0422;3.1
2019-03-05 02:00;1515;0.0033;3.2
2019-03-05 03:00;1516;0.0073;0.4
2019-03-05 04:00;1517;0.0026;3.4
2019-03-05 05:00;1518;0.1769;2.4
2019-03-05 06:00;1519;0.0106;3.5
2019-03-05 07:00;1520;0;2
2019-03-05 08:00;1521;0.0251;2.5
2019-03-05 09:00;1522;0.0191;2.5
2019-03-05 10:00;1523;0.0013;3.3
2019-03-05 11:00;1524;0;1.9
2019-03-05 12:00;1525;0;2.2
2019-03-05 13:00;1526;0;1.2
2019-03-05 14:00;1527;0;0.7
2019-03-05 15:00;1528;0;2.3
2019-03-05 16:00;1529;0.1228;1.9
2019-03-05 17:00;1530;0.4646;4.6
2019-03-05 18:00;1531;0.332;3.9
2019-03-05 19:00;1532;0.5663;4
2019-03-05 20:00;1533;0.7022;5
2019-03-05 21:00;1534;0.3953;5
2019-03-05 22:00;1535;0.4;4
2019-03-05 23:00;1536;0.4646;4.3
2019-03-06 00:00;1537;0.6963;6.3
2019-03-06 01:00;1538;0.3993;3.6
2019-03-06 02:00;1539;0.3637;4.8
2019-03-06 03:00;1540;0.1967;4.1
2019-03-06 04:00;1541;0.3914;3.4
2019-03-06 05:00;1542;1.6493;5
2019-03-06 06:00;1543;2.5773;7
2019-03-06 07:00;1544;2.5509;7
2019-03-06 08:00;1545;1.8341;7.4
2019-03-06 09:00;1546;1.549;6
2019-03-06 10:00;1547;1.549;6.3
2019-03-06 11:00;1548;1.2448;5.3
2019-03-06 12:00;1549;1.7866;6.4
2019-03-06 13:00;1550;2.248;6.3
2019-03-06 14:00;1551;1.8896;6.9
2019-03-06 15:00;1552;1.4197;5.6
2019-03-06 16:00;1553;1.3325;6.2
2019-03-06 17:00;1554;0.6046;5.2
2019-03-06 18:00;1555;0.0607;3.9
2019-03-06 19:00;1556;0.13;3.1
2019-03-06 20:00;1557;0.3577;3.8
2019-03-06 21:00;1558;0.691;4
2019-03-06 22:00;1559;0.6719;5.4
2019-03-06 23:00;1560;2.2222;5.5
2019-03-07 00:00;1561;0.5973;6.6
2019-03-07 01:00;1562;1.0883;4.6
2019-03-07 02:00;1563;0.6983;4.9
2019-03-07 03:00;1564;0.3445;4.5
2019-03-07 04:00;1565;0.4719;3.9
2019-03-07 05:00;1566;0.7003;4.7
2019-03-07 06:00;1567;0.887;5.6
2019-03-07 07:00;1568;0.8197;5.5
2019-03-07 08:00;1569;0.8257;5.2
2019-03-07 09:00;1570;0.7187;5.6
2019-03-07 10:00;1571;0.7517;4.8
2019-03-07 11:00;1572;1.2553;5.9
2019-03-07 12:00;1573;1.3999;5.8
2019-03-07 13:00;1574;1.0639;5.6
2019-03-07 14:00;1575;1.2672;5.7
2019-03-07 15:00;1576;1.4876;5.8
2019-03-07 16:00;1577;1.1814;6.2
2019-03-07 17:00;1578;0.8745;5.5
2019-03-07 18:00;1579;1.0105;4.8
2019-03-07 19:00;1580;2.2559;6.1
2019-03-07 20:00;1581;2.7205;7.4
2019-03-07 21:00;1582;3.5845;7.4
2019-03-07 22:00;1583;3.2201;7.6
2019-03-07 23:00;1584;3.9956;8
2019-03-08 00:00;1585;4.1382;9.4
2019-03-08 01:00;1586;4.0379;8.7
2019-03-08 02:00;1587;4.2412;9.3
2019-03-08 03:00;1588;3.139;8.6
2019-03-08 04:00;1589;1.7596;7
2019-03-08 05:00;1590;2.0671;6.1
2019-03-08 06:00;1591;1.9384;6.6
2019-03-08 07:00;1592;1.949;6.7
2019-03-08 08:00;1593;1.7807;5.9
2019-03-08 09:00;1594;2.1331;6.8
2019-03-08 10:00;1595;2.2268;6.4
2019-03-08 11:00;1596;3.432;7.7
2019-03-08 12:00;1597;3.0202;8
2019-03-08 13:00;1598;2.6981;7.4
2019-03-08 14:00;1599;2.5047;6.4
2019-03-08 15:00;1600;2.1727;6.6
2019-03-08 16:00;1601;2.1503;6.6
2019-03-08 17:00;1602;2.1496;6.7
2019-03-08 18:00;1603;2.7271;7
2019-03-08 19:00;1604;1.9668;6.6
2019-03-08 20:00;1605;3.0195;7.5
2019-03-08 21:00;1606;2.2354;7.9
2019-03-08 22:00;1607;1.0976;6.4
2019-03-08 23:00;1608;0.4871;5.1
2019-03-09 00:00;1609;0.1683;3.8
2019-03-09 01:00;1610;0.0502;3.7
2019-03-09 02:00;1611;0;2.7
2019-03-09 03:00;1612;0;2.4
2019-03-09 04:00;1613;0;2.4
2019-03-09 05:00;1614;0;1.6
2019-03-09 06:00;1615;0;2.5
2019-03-09 07:00;1616;0;2.5
2019-03-09 08:00;1617;0;0.6
2019-03-09 09:00;1618;0;0.2
2019-03-09 10:00;1619;0;1.9
2019-03-09 11:00;1620;0.0218;2.5
2019-03-09 12:00;1621;0.1485;3.6
2019-03-09 13:00;1622;0.1379;4.1
2019-03-09 14:00;1623;0.0865;3.5
2019-03-09 15:00;1624;0.0647;2.8
2019-03-09 16:00;1625;0.1987;3.5
2019-03-09 17:00;1626;0.2145;3.7
2019-03-09 18:00;1627;0.0634;4.1
2019-03-09 19:00;1628;0.0277;3.5
2019-03-09 20:00;1629;0.0686;2.4
2019-03-09 21:00;1630;0.161;2.8
2019-03-09 22:00;1631;0.2079;3.7
2019-03-09 23:00;1632;0.4963;3.6
2019-03-10 00:00;1633;0.7517;4.9
2019-03-10 01:00;1634;0.0429;3.3
2019-03-10 02:00;1635;0.1663;3.5
2019-03-10 03:00;1636;2.2064;4.9
2019-03-10 04:00;1637;4.9361;8.3
2019-03-10 05:00;1638;5.4186;9.8
2019-03-10 06:00;1639;5.3684;13
2019-03-10 07:00;1640;5.0642;9.5
2019-03-10 08:00;1641;4.886;9.9
2019-03-10 09:00;1642;5.0246;10.3
2019-03-10 10:00;1643;5.3658;10.4
2019-03-10 11:00;1644;4.9883;10.9
2019-03-10 12:00;1645;5.0761;9.1
2019-03-10 13:00;1646;5.0365;9.8
2019-03-10 14:00;1647;5.6014;10.8
2019-03-10 15:00;1648;5.5592;11.9
2019-03-10 16:00;1649;5.5308;10.9
2019-03-10 17:00;1650;5.1836;10.4
2019-03-10 18:00;1651;5.2114;10.5
2019-03-10 19:00;1652;4.7975;10.1
2019-03-10 20:00;1653;4.8946;10.3
2019-03-10 21:00;1654;4.6411;9.4
2019-03-10 22:00;1655;4.8028;9.9
2019-03-10 23:00;1656;5.0371;10.3
2019-03-11 00:00;1657;3.6689;9.4
2019-03-11 01:00;1658;3.5746;9.1
2019-03-11 02:00;1659;3.5567;7
2019-03-11 03:00;1660;2.7324;8.2
2019-03-11 04:00;1661;1.9219;7.3
2019-03-11 05:00;1662;2.5826;7
2019-03-11 06:00;1663;2.8057;7.6
2019-03-11 07:00;1664;2.4499;7.6
2019-03-11 08:00;1665;2.4176;7.2
2019-03-11 09:00;1666;1.5979;6.8
2019-03-11 10:00;1667;1.5932;5.4
2019-03-11 11:00;1668;1.6553;6.9
2019-03-11 12:00;1669;1.7193;6.7
2019-03-11 13:00;1670;1.3391;6.6
2019-03-11 14:00;1671;1.4764;5.8
2019-03-11 15:00;1672;1.5807;5.7
2019-03-11 16:00;1673;1.7523;6.2
2019-03-11 17:00;1674;1.5873;6.4
2019-03-11 18:00;1675;1.4269;5.7
2019-03-11 19:00;1676;1.5965;5.7
2019-03-11 20:00;1677;2.213;6.9
2019-03-11 21:00;1678;2.0585;7.1
2019-03-11 22:00;1679;2.2387;7.1
2019-03-11 23:00;1680;3.2927;7.9
2019-03-12 00:00;1681;2.3166;7.8
2019-03-12 01:00;1682;1.3959;6.5
2019-03-12 02:00;1683;1.6335;6.2
2019-03-12 03:00;1684;2.4341;6.5
2019-03-12 04:00;1685;2.7568;7.6
2019-03-12 05:00;1686;3.0558;7.6
2019-03-12 06:00;1687;2.9535;7.5
2019-03-12 07:00;1688;3.17;7.6
2019-03-12 08:00;1689;3.4485;7.8
2019-03-12 09:00;1690;2.5113;7.7
2019-03-12 10:00;1691;2.7779;7.1
2019-03-12 11:00;1692;3.3277;7.5
2019-03-12 12:00;1693;3.3528;7.6
2019-03-12 13:00;1694;2.9066;8.1
2019-03-12 14:00;1695;2.6347;6.5
2019-03-12 15:00;1696;2.9245;8.1
2019-03-12 16:00;1697;2.8241;7.4
2019-03-12 17:00;1698;3.1568;7.5
2019-03-12 18:00;1699;2.8453;8.1
2019-03-12 19:00;1700;1.879;6.9
2019-03-12 20:00;1701;2.741;7
2019-03-12 21:00;1702;2.8591;8.6
2019-03-12 22:00;1703;2.374;7.1
2019-03-12 23:00;1704;2.2618;6.1
2019-03-13 00:00;1705;4.2794;8.5
2019-03-13 01:00;1706;4.4497;10.6
2019-03-13 02:00;1707;3.7191;8.9
2019-03-13 03:00;1708;2.8109;7.7
2019-03-13 04:00;1709;1.8328;6.7
2019-03-13 05:00;1710;1.4045;5.7
2019-03-13 06:00;1711;0.8639;6
2019-03-13 07:00;1712;0.59;4.5
2019-03-13 08:00;1713;0.6798;5
2019-03-13 09:00;1714;0.5168;5.2
2019-03-13 10:00;1715;0.7399;5.3
2019-03-13 11:00;1716;0.6468;5
2019-03-13 12:00;1717;0.5511;4.9
2019-03-13 13:00;1718;0.7597;5.4
2019-03-13 14:00;1719;0.664;4.5
2019-03-13 15:00;1720;0.829;4.5
2019-03-13 16:00;1721;0.5669;5.1
2019-03-13 17:00;1722;0.5663;4.2
2019-03-13 18:00;1723;0.563;4.5
2019-03-13 19:00;1724;0.1808;4.3
2019-03-13 20:00;1725;0.163;3.4
2019-03-13 21:00;1726;0.6224;4.2
2019-03-13 22:00;1727;0.5709;4.5
2019-03-13 23:00;1728;0.394;4.3
2019-03-14 00:00;1729;0.5366;4.3
2019-03-14 01:00;1730;0.7313;4.7
2019-03-14 02:00;1731;1.1504;5.8
2019-03-14 03:00;1732;0.8362;5.5
2019-03-14 04:00;1733;1.2085;5.4
2019-03-14 05:00;1734;2.042;6.2
2019-03-14 06:00;1735;2.8538;7.2
2019-03-14 07:00;1736;3.0459;7.2
2019-03-14 08:00;1737;2.6994;7.5
2019-03-14 09:00;1738;2.2202;7.1
2019-03-14 10:00;1739;1.5596;6.6
2019-03-14 11:00;1740;1.8559;6.2
2019-03-14 12:00;1741;1.5906;6.4
2019-03-14 13:00;1742;2.114;6.6
2019-03-14 14:00;1743;2.4869;6.9
2019-03-14 15:00;1744;2.2321;7
2019-03-14 16:00;1745;2.5007;7.5
2019-03-14 17:00;1746;1.8394;6.3
2019-03-14 18:00;1747;1.1194;6.3
2019-03-14 19:00;1748;0.8791;5.2
2019-03-14 20:00;1749;1.6328;5.6
2019-03-14 21:00;1750;2.8631;7
2019-03-14 22:00;1751;3.0683;8.7
2019-03-14 23:00;1752;2.9825;7.6
2019-03-15 00:00;1753;2.7753;8.1
2019-03-15 01:00;1754;1.4025;7
2019-03-15 02:00;1755;1.0111;5.9
2019-03-15 03:00;1756;0.9953;5.5
2019-03-15 04:00;1757;0.9273;5.5
2019-03-15 05:00;1758;0.7715;4.8
2019-03-15 06:00;1759;1.3042;5.8
2019-03-15 07:00;1760;2.4374;6
2019-03-15 08:00;1761;3.0261;7.6
2019-03-15 09:00;1762;3.201;7.2
2019-03-15 10:00;1763;3.1601;7.7
2019-03-15 11:00;1764;2.0962;8.3
2019-03-15 12:00;1765;2.842;6.7
2019-03-15 13:00;1766;2.3318;6.8
2019-03-15 14:00;1767;2.0902;6.7
2019-03-15 15:00;1768;1.3695;6.2
2019-03-15 16:00;1769;1.3999;5.5
2019-03-15 17:00;1770;1.9925;5.5
2019-03-15 18:00;1771;1.9787;6.7
2019-03-15 19:00;1772;1.4216;6.1
2019-03-15 20:00;1773;1.2494;5.9
2019-03-15 21:00;1774;1.027;5.8
2019-03-15 22:00;1775;1.4045;6.1
2019-03-15 23:00;1776;0.6376;5.5
2019-03-16 00:00;1777;0.5155;4.5
2019-03-16 01:00;1778;0.9339;5.5
2019-03-16 02:00;1779;0.9761;5.1
2019-03-16 03:00;1780;2.0104;5.5
2019-03-16 04:00;1781;2.7383;7.4
2019-03-16 05:00;1782;2.7944;7.6
2019-03-16 06:00;1783;3.2485;7.4
2019-03-16 07:00;1784;3.9263;9.2
2019-03-16 08:00;1785;2.0922;7.9
2019-03-16 09:00;1786;2.9231;6.3
2019-03-16 10:00;1787;4.0643;8.9
2019-03-16 11:00;1788;2.6479;7.8
2019-03-16 12:00;1789;1.6969;6.5
2019-03-16 13:00;1790;1.9648;6.4
2019-03-16 14:00;1791;2.1252;6.1
2019-03-16 15:00;1792;3.4571;6.9
2019-03-16 16:00;1793;3.9699;9.2
2019-03-16 17:00;1794;3.4373;7.9
2019-03-16 18:00;1795;3.5825;8.6
2019-03-16 19:00;1796;3.6683;7.9
2019-03-16 20:00;1797;4.9368;10
2019-03-16 21:00;1798;4.915;11.5
2019-03-16 22:00;1799;5.3057;11.4
2019-03-16 23:00;1800;5.2648;12.6
2019-03-17 00:00;1801;5.3031;11.7
2019-03-17 01:00;1802;5.2701;11.2
2019-03-17 02:00;1803;5.2008;17.7
2019-03-17 03:00;1804;5.1005;10.4
2019-03-17 04:00;1805;4.9427;10.6
2019-03-17 05:00;1806;4.4722;9.4
2019-03-17 06:00;1807;4.7659;9.6
2019-03-17 07:00;1808;4.3481;9.2
2019-03-17 08:00;1809;4.3369;9.2
2019-03-17 09:00;1810;4.2953;8.6
2019-03-17 10:00;1811;3.8386;9.4
2019-03-17 11:00;1812;3.7567;8.4
2019-03-17 12:00;1813;3.5653;8
2019-03-17 13:00;1814;3.1997;8.6
2019-03-17 14:00;1815;4.0663;8.6
2019-03-17 15:00;1816;4.3626;8.4
2019-03-17 16:00;1817;4.1712;9.7
2019-03-17 17:00;1818;3.6795;9.5
2019-03-17 18:00;1819;4.0775;8.7
2019-03-17 19:00;1820;4.3329;9.3
2019-03-17 20:00;1821;4.5085;9
2019-03-17 21:00;1822;4.8543;10.6
2019-03-17 22:00;1823;4.4326;9.4
2019-03-17 23:00;1824;5.0127;11.4
2019-03-18 00:00;1825;5.3057;9.4
2019-03-18 01:00;1826;5.4509;10.4
2019-03-18 02:00;1827;5.342;11
2019-03-18 03:00;1828;5.5084;11.1
2019-03-18 04:00;1829;4.8998;10.3
2019-03-18 05:00;1830;3.2571;8.9
2019-03-18 06:00;1831;4.2365;7.5
2019-03-18 07:00;1832;5.3717;9
2019-03-18 08:00;1833;5.0965;11.8
2019-03-18 09:00;1834;3.8392;8.9
2019-03-18 10:00;1835;3.0624;7.9
2019-03-18 11:00;1836;3.0433;7.7
2019-03-18 12:00;1837;3.762;9
2019-03-18 13:00;1838;2.6664;7.7
2019-03-18 14:00;1839;2.7245;7.5
2019-03-18 15:00;1840;2.3905;7.8
2019-03-18 16:00;1841;2.1496;7.3
2019-03-18 17:00;1842;2.6077;6.9
2019-03-18 18:00;1843;3.5541;6.6
2019-03-18 19:00;1844;3.9461;8.2
2019-03-18 20:00;1845;3.5039;9
2019-03-18 21:00;1846;2.0473;7.7
2019-03-18 22:00;1847;1.4824;6.3
2019-03-18 23:00;1848;1.98;6.1
2019-03-19 00:00;1849;1.3708;5.9
2019-03-19 01:00;1850;1.0184;5.9
2019-03-19 02:00;1851;1.1953;5.1
2019-03-19 03:00;1852;0.9689;5.4
2019-03-19 04:00;1853;0.7187;5.5
2019-03-19 05:00;1854;1.8269;4.2
2019-03-19 06:00;1855;2.4677;8
2019-03-19 07:00;1856;2.0156;7.2
2019-03-19 08:00;1857;2.015;7.1
2019-03-19 09:00;1858;0.9075;6.5
2019-03-19 10:00;1859;0.9788;4.4
2019-03-19 11:00;1860;1.355;6
2019-03-19 12:00;1861;0.9946;6.1
2019-03-19 13:00;1862;0.7814;4.8
2019-03-19 14:00;1863;0.7128;5.2
2019-03-19 15:00;1864;0.4396;4.4
2019-03-19 16:00;1865;0.3729;4.1
2019-03-19 17:00;1866;0.13;4.2
2019-03-19 18:00;1867;0.004;3.2
2019-03-19 19:00;1868;0;2
2019-03-19 20:00;1869;0.103;2.6
2019-03-19 21:00;1870;0.0937;3.5
2019-03-19 22:00;1871;0.2171;2.7
2019-03-19 23:00;1872;0.1346;4.3
2019-03-20 00:00;1873;0.07;3.7
2019-03-20 01:00;1874;0.0145;3.1
2019-03-20 02:00;1875;0;2.4
2019-03-20 03:00;1876;0;2.2
2019-03-20 04:00;1877;0.0218;2.3
2019-03-20 05:00;1878;0.3023;3.4
2019-03-20 06:00;1879;0.0409;3.4
2019-03-20 07:00;1880;0.033;2.8
2019-03-20 08:00;1881;0.0099;3.3
2019-03-20 09:00;1882;0.1241;3.2
2019-03-20 10:00;1883;0.2224;3.2
2019-03-20 11:00;1884;0.0218;3.3
2019-03-20 12:00;1885;0;2.1
2019-03-20 13:00;1886;0;2.1
2019-03-20 14:00;1887;0;1.8
2019-03-20 15:00;1888;0;1.5
2019-03-20 16:00;1889;0;2.4
2019-03-20 17:00;1890;0;1.1
2019-03-20 18:00;1891;0;2.2
2019-03-20 19:00;1892;0;1
2019-03-20 20:00;1893;0;0.3
2019-03-20 21:00;1894;0;1.4
2019-03-20 22:00;1895;0;0.7
2019-03-20 23:00;1896;0.0607;2.3
2019-03-21 00:00;1897;0.0238;3.6
2019-03-21 01:00;1898;0.0488;2.9
2019-03-21 02:00;1899;0.169;3.4
2019-03-21 03:00;1900;0.0739;3.5
2019-03-21 04:00;1901;0;2.5
2019-03-21 05:00;1902;0.0231;3
2019-03-21 06:00;1903;0.1261;3.1
2019-03-21 07:00;1904;0.3828;3.7
2019-03-21 08:00;1905;0.0224;3.2
2019-03-21 09:00;1906;0.1221;3.5
2019-03-21 10:00;1907;0.0026;2.7
2019-03-21 11:00;1908;0;2.9
2019-03-21 12:00;1909;0;1.2
2019-03-21 13:00;1910;0;2.9
2019-03-21 14:00;1911;0.0627;2.8
2019-03-21 15:00;1912;0.3029;4.4
2019-03-21 16:00;1913;0.493;3.8
2019-03-21 17:00;1914;0.4204;4.8
2019-03-21 18:00;1915;0.2462;3.9
2019-03-21 19:00;1916;0.1148;3.8
2019-03-21 20:00;1917;0.1366;3.1
2019-03-21 21:00;1918;0.4719;4.1
2019-03-21 22:00;1919;0.6838;4.8
2019-03-21 23:00;1920;0.6349;4.9
2019-03-22 00:00;1921;0.5933;4.3
2019-03-22 01:00;1922;0.6626;4.1
2019-03-22 02:00;1923;0.5102;4.7
2019-03-22 03:00;1924;0.3003;4.6
2019-03-22 04:00;1925;0.1115;4
2019-03-22 05:00;1926;0.202;3.6
2019-03-22 06:00;1927;0.1828;3.8
2019-03-22 07:00;1928;0.4297;4.2
2019-03-22 08:00;1929;0.4435;4.3
2019-03-22 09:00;1930;0.7557;4.5
2019-03-22 10:00;1931;0.326;5.5
2019-03-22 11:00;1932;0.161;3.6
2019-03-22 12:00;1933;0.1782;3.5
2019-03-22 13:00;1934;0.3538;4
2019-03-22 14:00;1935;0.8158;5.6
2019-03-22 15:00;1936;0.4184;4.9
2019-03-22 16:00;1937;0.5386;4.2
2019-03-22 17:00;1938;0.3927;5
2019-03-22 18:00;1939;0.0409;3.6
2019-03-22 19:00;1940;0;1.8
2019-03-22 20:00;1941;0.0396;1.9
2019-03-22 21:00;1942;0.3359;3.8
2019-03-22 22:00;1943;0.3148;4.3
2019-03-22 23:00;1944;0.1934;3.8
2019-03-23 00:00;1945;0.1234;3
2019-03-23 01:00;1946;0.1465;3.3
2019-03-23 02:00;1947;0.0845;3.1
2019-03-23 03:00;1948;0.0488;3.6
2019-03-23 04:00;1949;0;2
2019-03-23 05:00;1950;0;1.9
2019-03-23 06:00;1951;0;2
2019-03-23 07:00;1952;0;2.1
2019-03-23 08:00;1953;0.0099;2.4
2019-03-23 09:00;1954;0.0554;3.2
2019-03-23 10:00;1955;0.2303;3.4
2019-03-23 11:00;1956;0.495;4.6
2019-03-23 12:00;1957;0.1828;3.9
2019-03-23 13:00;1958;0.1003;3.1
2019-03-23 14:00;1959;0.0673;3.7
2019-03-23 15:00;1960;0.0007;3.1
2019-03-23 16:00;1961;0.1624;2.6
2019-03-23 17:00;1962;0.2845;3.3
2019-03-23 18:00;1963;0.0198;3.2
2019-03-23 19:00;1964;0;2
2019-03-23 20:00;1965;0.1756;2.7
2019-03-23 21:00;1966;0.2356;3.8
2019-03-23 22:00;1967;0.4712;4.1
2019-03-23 23:00;1968;0.5927;4.5
2019-03-24 00:00;1969;0.2383;5.7
2019-03-24 01:00;1970;0.3076;4
2019-03-24 02:00;1971;0.2719;4.4
2019-03-24 03:00;1972;0.2053;2.7
2019-03-24 04:00;1973;0.6508;4
2019-03-24 05:00;1974;0.8758;5.6
2019-03-24 06:00;1975;0.7696;4.7
2019-03-24 07:00;1976;0.7181;4.7
2019-03-24 08:00;1977;0.5518;4.8
2019-03-24 09:00;1978;0.3313;4.2
2019-03-24 10:00;1979;0.2713;3.4
2019-03-24 11:00;1980;0.3518;4
2019-03-24 12:00;1981;0.6851;4.7
2019-03-24 13:00;1982;0.7702;4.4
2019-03-24 14:00;1983;0.7465;4.3
2019-03-24 15:00;1984;0.5894;4.7
2019-03-24 16:00;1985;0.1056;3.2
2019-03-24 17:00;1986;0.1333;3.9
2019-03-24 18:00;1987;0.3069;4.6
2019-03-24 19:00;1988;0.1267;3.6
2019-03-24 20:00;1989;0.1201;3.5
2019-03-24 21:00;1990;0.5656;3.8
2019-03-24 22:00;1991;0.8039;4.1
2019-03-24 23:00;1992;1.0237;5.1
2019-03-25 00:00;1993;1.5926;5.6
2019-03-25 01:00;1994;1.5662;6.8
2019-03-25 02:00;1995;1.2071;5.6
2019-03-25 03:00;1996;0.9042;5.6
2019-03-25 04:00;1997;0.6673;5.3
2019-03-25 05:00;1998;0.7689;4.5
2019-03-25 06:00;1999;1.0243;4.8
2019-03-25 07:00;2000;1.1088;5.7
2019-03-25 08:00;2001;1.1029;5.3
2019-03-25 09:00;2002;0.5966;5.2
2019-03-25 10:00;2003;0.2831;4.5
2019-03-25 11:00;2004;0.2587;3.7
2019-03-25 12:00;2005;0.5359;3.9
2019-03-25 13:00;2006;0.5498;5.3
2019-03-25 14:00;2007;0.6778;4.8
2019-03-25 15:00;2008;0.0904;4.2
2019-03-25 16:00;2009;0;2.5
2019-03-25 17:00;2010;0;2.9
2019-03-25 18:00;2011;0;2.8
2019-03-25 19:00;2012;0;2.8
2019-03-25 20:00;2013;0;2.8
2019-03-25 21:00;2014;0.0152;2.8
2019-03-25 22:00;2015;0.1604;3.2
2019-03-25 23:00;2016;0.0304;3.2
2019-03-26 00:00;2017;0.0581;2.2
2019-03-26 01:00;2018;0.1604;3.9
2019-03-26 02:00;2019;0.0917;3.4
2019-03-26 03:00;2020;0;2.9
2019-03-26 04:00;2021;0;2.4
2019-03-26 05:00;2022;0;1.9
2019-03-26 06:00;2023;0;2.9
2019-03-26 07:00;2024;0;2.1
2019-03-26 08:00;2025;0;1.8
2019-03-26 09:00;2026;0;1.5
2019-03-26 10:00;2027;0;2.2
2019-03-26 11:00;2028;0;2.7
2019-03-26 12:00;2029;0;2.3
2019-03-26 13:00;2030;0;0.7
2019-03-26 14:00;2031;0;1.9
2019-03-26 15:00;2032;0.0825;2.6
2019-03-26 16:00;2033;0.3023;4
2019-03-26 17:00;2034;0.5399;4.2
2019-03-26 18:00;2035;0.4217;4.6
2019-03-26 19:00;2036;0.2251;4
2019-03-26 20:00;2037;0.2369;3.3
2019-03-26 21:00;2038;0.4033;4.2
2019-03-26 22:00;2039;0.8653;4.4
2019-03-26 23:00;2040;0.8798;5.3
2019-03-27 00:00;2041;0.6646;5.2
2019-03-27 01:00;2042;1.2428;5.3
2019-03-27 02:00;2043;1.4678;6
2019-03-27 03:00;2044;1.5715;6.4
2019-03-27 04:00;2045;1.7305;6.2
2019-03-27 05:00;2046;2.2605;6.8
2019-03-27 06:00;2047;2.7113;6.9
2019-03-27 07:00;2048;1.9866;7.3
2019-03-27 08:00;2049;1.0857;6.1
2019-03-27 09:00;2050;0.4429;4.8
2019-03-27 10:00;2051;0.1313;3.6
2019-03-27 11:00;2052;0.0442;3.1
2019-03-27 12:00;2053;0.3142;2.8
2019-03-27 13:00;2054;0.5405;4.8
2019-03-27 14:00;2055;0.4191;4.1
2019-03-27 15:00;2056;0.5049;4.5
2019-03-27 16:00;2057;0.7267;4.6
2019-03-27 17:00;2058;0.3927;4.5
2019-03-27 18:00;2059;0.559;4.7
2019-03-27 19:00;2060;0.5491;4.8
2019-03-27 20:00;2061;0.4257;4
2019-03-27 21:00;2062;0.4145;5
2019-03-27 22:00;2063;0.3194;3.8
2019-03-27 23:00;2064;0.2871;3.6
2019-03-28 00:00;2065;0.5108;3.6
2019-03-28 01:00;2066;0.4851;4.4
2019-03-28 02:00;2067;0.433;4
2019-03-28 03:00;2068;0.6844;4.5
2019-03-28 04:00;2069;0.788;5.6
2019-03-28 05:00;2070;0.5432;4.6
2019-03-28 06:00;2071;0.9999;4.9
2019-03-28 07:00;2072;1.0633;5.2
2019-03-28 08:00;2073;1.0745;5.8
2019-03-28 09:00;2074;0.4957;4.8
2019-03-28 10:00;2075;0.0541;3.6
2019-03-28 11:00;2076;0.2726;3.5
2019-03-28 12:00;2077;0.7953;5.2
2019-03-28 13:00;2078;0.7181;4.9
2019-03-28 14:00;2079;0.8006;5.2
2019-03-28 15:00;2080;0.532;4.3
2019-03-28 16:00;2081;0.6442;4.4
2019-03-28 17:00;2082;0.3775;4.6
2019-03-28 18:00;2083;0.1954;3.1
2019-03-28 19:00;2084;0.4712;4.3
2019-03-28 20:00;2085;0.6072;4.4
2019-03-28 21:00;2086;0.6092;4.4
2019-03-28 22:00;2087;0.493;4.2
2019-03-28 23:00;2088;0.9088;4.4
2019-03-29 00:00;2089;0.961;5.4
2019-03-29 01:00;2090;0.6158;5.6
2019-03-29 02:00;2091;0.6857;4.5
2019-03-29 03:00;2092;0.8065;5
2019-03-29 04:00;2093;1.2078;5
2019-03-29 05:00;2094;1.6401;6.3
2019-03-29 06:00;2095;1.683;6.2
2019-03-29 07:00;2096;1.8355;5.9
2019-03-29 08:00;2097;1.7503;6.4
2019-03-29 09:00;2098;1.6243;6.5
2019-03-29 10:00;2099;1.3781;5.6
2019-03-29 11:00;2100;1.8724;6.3
2019-03-29 12:00;2101;1.2962;5.9
2019-03-29 13:00;2102;1.3609;5.6
2019-03-29 14:00;2103;1.5114;5.8
2019-03-29 15:00;2104;1.9529;6.1
2019-03-29 16:00;2105;1.2085;6.3
2019-03-29 17:00;2106;0.7748;4.8
2019-03-29 18:00;2107;0.7399;4.6
2019-03-29 19:00;2108;1.0058;5.6
2019-03-29 20:00;2109;0.8996;5.3
2019-03-29 21:00;2110;1.0157;5.3
2019-03-29 22:00;2111;0.8725;5.8
2019-03-29 23:00;2112;1.3999;5.8
2019-03-30 00:00;2113;1.1418;6.1
2019-03-30 01:00;2114;0.6316;5.1
2019-03-30 02:00;2115;0.9973;4.7
2019-03-30 03:00;2116;1.1299;5.9
2019-03-30 04:00;2117;1.0388;5.4
2019-03-30 05:00;2118;1.1477;5.4
2019-03-30 06:00;2119;1.5253;6
2019-03-30 07:00;2120;1.3332;5.5
2019-03-30 08:00;2121;0.9016;4.9
2019-03-30 09:00;2122;1.1306;5.2
2019-03-30 10:00;2123;1.025;5.8
2019-03-30 11:00;2124;0.4198;4.4
2019-03-30 12:00;2125;0.3188;3.8
2019-03-30 13:00;2126;0.7247;4.3
2019-03-30 14:00;2127;0.5465;4
2019-03-30 15:00;2128;0.9596;5.3
2019-03-30 16:00;2129;0.988;5.4
2019-03-30 17:00;2130;1.2923;5.7
2019-03-30 18:00;2131;0.8758;5.4
2019-03-30 19:00;2132;0.9359;4.9
2019-03-30 20:00;2133;1.0474;5.2
2019-03-30 21:00;2134;0.7465;5.4
2019-03-30 22:00;2135;1.3471;4.6
2019-03-30 23:00;2136;1.7114;7
2019-03-31 00:00;2137;1.9919;6.3
2019-03-31 01:00;2138;1.4711;7
2019-03-31 02:00;2139;2.0315;5.6
2019-03-31 03:00;2140;1.6856;7
2019-03-31 04:00;2141;2.2136;6.4
2019-03-31 05:00;2142;2.4512;6.4
2019-03-31 06:00;2143;2.2361;7
2019-03-31 07:00;2144;2.5773;7
2019-03-31 08:00;2145;3.362;7.3
2019-03-31 09:00;2146;3.7019;8.5
2019-03-31 10:00;2147;3.0974;7.7
2019-03-31 11:00;2148;2.809;7.2
2019-03-31 12:00;2149;2.5938;7.1
2019-03-31 13:00;2150;2.2737;6.8
2019-03-31 14:00;2151;1.7048;6.8
2019-03-31 15:00;2152;1.8117;6.3
2019-03-31 16:00;2153;2.2282;6.3
2019-03-31 17:00;2154;1.7912;6.2
2019-03-31 18:00;2155;1.0144;5.5
2019-03-31 19:00;2156;0.9009;4.5
2019-03-31 20:00;2157;0.9273;5.5
2019-03-31 21:00;2158;0.8534;5.5
2019-03-31 22:00;2159;0.8402;4.9
2019-03-31 23:00;2160;1.3517;6
