ds;dt;y;i;T
2019-01-01 00:00;1;0;0;0.6
2019-01-01 01:00;2;0;0;-1
2019-01-01 02:00;3;0;0;-1.9
2019-01-01 03:00;4;0;0;-2.2
2019-01-01 04:00;5;0;0;-2.9
2019-01-01 05:00;6;0;0;-4.3
2019-01-01 06:00;7;0;0;-4.5
2019-01-01 07:00;8;0;1;-5.6
2019-01-01 08:00;9;0.231;4;-5.2
2019-01-01 09:00;10;1.161;16;-5.7
2019-01-01 10:00;11;2.197;51;-5.2
2019-01-01 11:00;12;2.749;90;-5.2
2019-01-01 12:00;13;3.077;118;-5
2019-01-01 13:00;14;3.243;102;-5
2019-01-01 14:00;15;3.226;99;-4.4
2019-01-01 15:00;16;2.722;86;-4.6
2019-01-01 16:00;17;1.524;52;-4
2019-01-01 17:00;18;0.359;21;-4.1
2019-01-01 18:00;19;0;2;-4.3
2019-01-01 19:00;20;0;0;-4.1
2019-01-01 20:00;21;0;0;-3.4
2019-01-01 21:00;22;0;0;-3.4
2019-01-01 22:00;23;0;0;-3.4
2019-01-01 23:00;24;0;0;-3.4
2019-01-02 00:00;25;0;0;-3.4
2019-01-02 01:00;26;0;0;-3.4
2019-01-02 02:00;27;0;0;-3.4
2019-01-02 03:00;28;0;0;-4.4
2019-01-02 04:00;29;0;0;-3.4
2019-01-02 05:00;30;0;0;-3.8
2019-01-02 06:00;31;0;0;-4
2019-01-02 07:00;32;0;1;-5.3
2019-01-02 08:00;33;0.798;2;-4.5
2019-01-02 09:00;34;2.006;33;-3.4
2019-01-02 10:00;35;2.774;90;-3.3
2019-01-02 11:00;36;3.415;141;-2.7
2019-01-02 12:00;37;3.71;189;-2.1
2019-01-02 13:00;38;3.712;190;-2.3
2019-01-02 14:00;39;3.15;192;-2.1
2019-01-02 15:00;40;2.261;151;-1.5
2019-01-02 16:00;41;0.894;98;-0.7
2019-01-02 17:00;42;0.103;39;-1.5
2019-01-02 18:00;43;0;8;-2.6
2019-01-02 19:00;44;0;0;-3.1
2019-01-02 20:00;45;0;0;-3.9
2019-01-02 21:00;46;0;0;-4.2
2019-01-02 22:00;47;0;0;-3.9
2019-01-02 23:00;48;0;0;-4.1
2019-01-03 00:00;49;0;0;-3.2
2019-01-03 01:00;50;0;0;-3.8
2019-01-03 02:00;51;0;0;-3.7
2019-01-03 03:00;52;0;0;-4.2
2019-01-03 04:00;53;0;0;-4.2
2019-01-03 05:00;54;0;0;-5.9
2019-01-03 06:00;55;0;0;-5
2019-01-03 07:00;56;0;2;-5.5
2019-01-03 08:00;57;1.055;17;-3.6
2019-01-03 09:00;58;2.324;167;-0.6
2019-01-03 10:00;59;3.304;345;1.9
2019-01-03 11:00;60;3.891;493;4
2019-01-03 12:00;61;4.153;590;7.9
2019-01-03 13:00;62;4.122;621;9.1
2019-01-03 14:00;63;3.799;586;9.8
2019-01-03 15:00;64;3.156;489;9.7
2019-01-03 16:00;65;2.14;339;9.2
2019-01-03 17:00;66;0.698;151;7.1
2019-01-03 18:00;67;0;5;5.1
2019-01-03 19:00;68;0;0;2.9
2019-01-03 20:00;69;0;0;0.4
2019-01-03 21:00;70;0;0;-0.1
2019-01-03 22:00;71;0;0;-1.1
2019-01-03 23:00;72;0;0;-1.5
2019-01-04 00:00;73;0;0;-2.1
2019-01-04 01:00;74;0;0;-4.1
2019-01-04 02:00;75;0;0;-4
2019-01-04 03:00;76;0;0;-4
2019-01-04 04:00;77;0;0;-3.6
2019-01-04 05:00;78;0;0;-3.5
2019-01-04 06:00;79;0;0;-4.7
2019-01-04 07:00;80;0;2;-4.7
2019-01-04 08:00;81;1.144;19;-1.2
2019-01-04 09:00;82;2.358;170;1.5
2019-01-04 10:00;83;3.274;348;3.8
2019-01-04 11:00;84;3.792;495;6.4
2019-01-04 12:00;85;3.985;590;8.8
2019-01-04 13:00;86;3.915;621;10.8
2019-01-04 14:00;87;3.588;587;12.5
2019-01-04 15:00;88;2.966;490;14.1
2019-01-04 16:00;89;1.993;340;13.3
2019-01-04 17:00;90;0.615;150;10.9
2019-01-04 18:00;91;0;5;7.9
2019-01-04 19:00;92;0;0;4.3
2019-01-04 20:00;93;0;0;3.8
2019-01-04 21:00;94;0;0;2.3
2019-01-04 22:00;95;0;0;2.1
2019-01-04 23:00;96;0;0;1.6
2019-01-05 00:00;97;0;0;1.2
2019-01-05 01:00;98;0;0;1
2019-01-05 02:00;99;0;0;1
2019-01-05 03:00;100;0;0;-0.3
2019-01-05 04:00;101;0;0;-1
2019-01-05 05:00;102;0;0;-0.8
2019-01-05 06:00;103;0;0;-1.8
2019-01-05 07:00;104;0;2;-2.4
2019-01-05 08:00;105;1.004;20;1
2019-01-05 09:00;106;2.048;172;3.2
2019-01-05 10:00;107;3.095;350;6.4
2019-01-05 11:00;108;3.772;499;9
2019-01-05 12:00;109;3.961;592;11.3
2019-01-05 13:00;110;3.666;626;13.3
2019-01-05 14:00;111;3.377;595;15
2019-01-05 15:00;112;2.577;468;15.3
2019-01-05 16:00;113;1.304;247;16
2019-01-05 17:00;114;0.447;118;12.7
2019-01-05 18:00;115;0;6;10.5
2019-01-05 19:00;116;0;0;8.9
2019-01-05 20:00;117;0;0;7.2
2019-01-05 21:00;118;0;0;5.6
2019-01-05 22:00;119;0;0;3.6
2019-01-05 23:00;120;0;0;3.9
2019-01-06 00:00;121;0;0;5.3
2019-01-06 01:00;122;0;0;4.5
2019-01-06 02:00;123;0;0;3.7
2019-01-06 03:00;124;0;0;4.7
2019-01-06 04:00;125;0;0;5.1
2019-01-06 05:00;126;0;0;5.1
2019-01-06 06:00;127;0;0;4.2
2019-01-06 07:00;128;0;4;3.7
2019-01-06 08:00;129;0.612;26;6
2019-01-06 09:00;130;1.419;82;8.7
2019-01-06 10:00;131;2.68;212;12.2
2019-01-06 11:00;132;3.204;273;15.3
2019-01-06 12:00;133;3.422;511;18
2019-01-06 13:00;134;2.936;228;21
2019-01-06 14:00;135;1.895;306;19
2019-01-06 15:00;136;0.689;123;17.3
2019-01-06 16:00;137;0.412;61;16.5
2019-01-06 17:00;138;0.09;43;15.4
2019-01-06 18:00;139;0;5;14.5
2019-01-06 19:00;140;0;0;12.7
2019-01-06 20:00;141;0;0;10.7
2019-01-06 21:00;142;0;0;8.8
2019-01-06 22:00;143;0;0;8.6
2019-01-06 23:00;144;0;0;9.6
2019-01-07 00:00;145;0;0;7.1
2019-01-07 01:00;146;0;0;6.9
2019-01-07 02:00;147;0;0;7.2
2019-01-07 03:00;148;0;0;5.7
2019-01-07 04:00;149;0;0;2.4
2019-01-07 05:00;150;0;0;0.9
2019-01-07 06:00;151;0;0;0.8
2019-01-07 07:00;152;0;2;-0.1
2019-01-07 08:00;153;1.178;11;1.3
2019-01-07 09:00;154;2.342;169;5.8
2019-01-07 10:00;155;3.224;348;8.9
2019-01-07 11:00;156;3.719;496;11
2019-01-07 12:00;157;3.929;591;13.2
2019-01-07 13:00;158;3.877;623;14.9
2019-01-07 14:00;159;3.558;590;16.4
2019-01-07 15:00;160;2.939;496;17.2
2019-01-07 16:00;161;1.968;347;16.6
2019-01-07 17:00;162;0.611;156;13.1
2019-01-07 18:00;163;0;5;10.5
2019-01-07 19:00;164;0;0;8.7
2019-01-07 20:00;165;0;0;6.6
2019-01-07 21:00;166;0;0;6.1
2019-01-07 22:00;167;0;0;6.1
2019-01-07 23:00;168;0;0;7.1
2019-01-08 00:00;169;0;0;5.5
2019-01-08 01:00;170;0;0;6.9
2019-01-08 02:00;171;0;0;5.2
2019-01-08 03:00;172;0;0;2.9
2019-01-08 04:00;173;0;0;3.1
2019-01-08 05:00;174;0;0;2.6
2019-01-08 06:00;175;0;0;3
2019-01-08 07:00;176;0;1;2
2019-01-08 08:00;177;0.209;8;4.3
2019-01-08 09:00;178;0.784;85;7.1
2019-01-08 10:00;179;1.514;215;8.5
2019-01-08 11:00;180;2.137;319;8.7
2019-01-08 12:00;181;2.308;488;10.3
2019-01-08 13:00;182;1.929;515;11.1
2019-01-08 14:00;183;1.439;439;11.1
2019-01-08 15:00;184;0.954;384;11
2019-01-08 16:00;185;0.453;187;10.5
2019-01-08 17:00;186;0.072;62;9
2019-01-08 18:00;187;0;8;7.4
2019-01-08 19:00;188;0;0;6.7
2019-01-08 20:00;189;0;0;6
2019-01-08 21:00;190;0;0;5.6
2019-01-08 22:00;191;0;0;4.9
2019-01-08 23:00;192;0;0;4.9
2019-01-09 00:00;193;0;0;4.4
2019-01-09 01:00;194;0;0;3.7
2019-01-09 02:00;195;0;0;3.7
2019-01-09 03:00;196;0;0;3.2
2019-01-09 04:00;197;0;0;1.9
2019-01-09 05:00;198;0;0;0.3
2019-01-09 06:00;199;0;0;-0.3
2019-01-09 07:00;200;0;1;-1
2019-01-09 08:00;201;0.622;18;1.2
2019-01-09 09:00;202;1.692;159;3.8
2019-01-09 10:00;203;2.732;337;6.1
2019-01-09 11:00;204;3.362;462;7.8
2019-01-09 12:00;205;3.607;552;8.7
2019-01-09 13:00;206;3.369;571;9.6
2019-01-09 14:00;207;2.274;399;10
2019-01-09 15:00;208;1.161;307;9.6
2019-01-09 16:00;209;0.705;177;9.1
2019-01-09 17:00;210;0.196;57;7.8
2019-01-09 18:00;211;0;7;6.4
2019-01-09 19:00;212;0;0;5.6
2019-01-09 20:00;213;0;0;5.3
2019-01-09 21:00;214;0;0;5.3
2019-01-09 22:00;215;0;0;5.2
2019-01-09 23:00;216;0;0;3.8
2019-01-10 00:00;217;0;0;2.3
2019-01-10 01:00;218;0;0;2.1
2019-01-10 02:00;219;0;0;2
2019-01-10 03:00;220;0;0;1.3
2019-01-10 04:00;221;0;0;1.4
2019-01-10 05:00;222;0;0;1.4
2019-01-10 06:00;223;0;0;0.6
2019-01-10 07:00;224;0;0;0.4
2019-01-10 08:00;225;0.171;25;1.6
2019-01-10 09:00;226;0.625;184;4.1
2019-01-10 10:00;227;1.172;252;6.4
2019-01-10 11:00;228;1.854;474;9.4
2019-01-10 12:00;229;2.558;504;11.2
2019-01-10 13:00;230;3.019;503;12.3
2019-01-10 14:00;231;2.761;374;12.8
2019-01-10 15:00;232;1.827;328;13
2019-01-10 16:00;233;0.676;165;12.8
2019-01-10 17:00;234;0.065;44;11.4
2019-01-10 18:00;235;0;5;10.9
2019-01-10 19:00;236;0;0;10.3
2019-01-10 20:00;237;0;0;10.2
2019-01-10 21:00;238;0;0;9.6
2019-01-10 22:00;239;0;0;8.7
2019-01-10 23:00;240;0;0;8.5
2019-01-11 00:00;241;0;0;8.1
2019-01-11 01:00;242;0;0;9.7
2019-01-11 02:00;243;0;0;8
2019-01-11 03:00;244;0;0;8.7
2019-01-11 04:00;245;0;0;8
2019-01-11 05:00;246;0;0;7.6
2019-01-11 06:00;247;0;0;7.5
2019-01-11 07:00;248;0;1;7.7
2019-01-11 08:00;249;0.238;6;8
2019-01-11 09:00;250;1.542;22;10.6
2019-01-11 10:00;251;2.921;41;10.7
2019-01-11 11:00;252;3.487;148;13.6
2019-01-11 12:00;253;3.684;68;12.6
2019-01-11 13:00;254;3.378;38;13.8
2019-01-11 14:00;255;2.711;286;14.5
2019-01-11 15:00;256;1.754;519;11.9
2019-01-11 16:00;257;1;207;12.4
2019-01-11 17:00;258;0.27;28;12.2
2019-01-11 18:00;259;0;2;9.6
2019-01-11 19:00;260;0;0;7.2
2019-01-11 20:00;261;0;0;5.8
2019-01-11 21:00;262;0;0;4.7
2019-01-11 22:00;263;0;0;5.6
2019-01-11 23:00;264;0;0;4.5
2019-01-12 00:00;265;0;0;5
2019-01-12 01:00;266;0;0;5.2
2019-01-12 02:00;267;0;0;3.2
2019-01-12 03:00;268;0;0;3.2
2019-01-12 04:00;269;0;0;2
2019-01-12 05:00;270;0;0;1.8
2019-01-12 06:00;271;0;0;3.2
2019-01-12 07:00;272;0;6;2.5
2019-01-12 08:00;273;1.094;22;3.6
2019-01-12 09:00;274;2.203;174;6.6
2019-01-12 10:00;275;3.118;343;9.1
2019-01-12 11:00;276;3.671;487;9.3
2019-01-12 12:00;277;3.891;591;9.8
2019-01-12 13:00;278;3.81;622;11
2019-01-12 14:00;279;3.445;551;11.8
2019-01-12 15:00;280;2.791;419;11.8
2019-01-12 16:00;281;1.826;373;11.8
2019-01-12 17:00;282;0.499;100;10.3
2019-01-12 18:00;283;0;8;5.6
2019-01-12 19:00;284;0;0;5.2
2019-01-12 20:00;285;0;0;5.6
2019-01-12 21:00;286;0;0;4
2019-01-12 22:00;287;0;0;2.6
2019-01-12 23:00;288;0;0;1.4
2019-01-13 00:00;289;0;0;0.8
2019-01-13 01:00;290;0;0;1.4
2019-01-13 02:00;291;0;0;-0.1
2019-01-13 03:00;292;0;0;0.4
2019-01-13 04:00;293;0;0;0.4
2019-01-13 05:00;294;0;0;1.2
2019-01-13 06:00;295;0;0;1.6
2019-01-13 07:00;296;0;1;1.5
2019-01-13 08:00;297;0.242;7;2.2
2019-01-13 09:00;298;0.805;56;2.7
2019-01-13 10:00;299;1.522;139;4
2019-01-13 11:00;300;2.107;188;5
2019-01-13 12:00;301;2.44;272;6
2019-01-13 13:00;302;2.268;331;6.6
2019-01-13 14:00;303;2.036;321;6.7
2019-01-13 15:00;304;1.654;393;7.6
2019-01-13 16:00;305;0.978;202;7.2
2019-01-13 17:00;306;0.228;160;6.1
2019-01-13 18:00;307;0;14;3.8
2019-01-13 19:00;308;0;0;2.1
2019-01-13 20:00;309;0;0;1.4
2019-01-13 21:00;310;0;0;1.9
2019-01-13 22:00;311;0;0;3
2019-01-13 23:00;312;0;0;3
2019-01-14 00:00;313;0;0;3.4
2019-01-14 01:00;314;0;0;3.9
2019-01-14 02:00;315;0;0;3.1
2019-01-14 03:00;316;0;0;3.1
2019-01-14 04:00;317;0;0;3.1
2019-01-14 05:00;318;0;0;2.7
2019-01-14 06:00;319;0;0;2.6
2019-01-14 07:00;320;0;1;2.3
2019-01-14 08:00;321;0.88;8;2.7
2019-01-14 09:00;322;1.955;61;3.5
2019-01-14 10:00;323;2.707;133;4.3
2019-01-14 11:00;324;2.83;140;5.6
2019-01-14 12:00;325;3.151;177;6.2
2019-01-14 13:00;326;3.385;262;6.9
2019-01-14 14:00;327;3.144;342;7.7
2019-01-14 15:00;328;2.49;521;7.9
2019-01-14 16:00;329;1.384;301;7.9
2019-01-14 17:00;330;0.287;123;6
2019-01-14 18:00;331;0;13;3.9
2019-01-14 19:00;332;0;0;3.2
2019-01-14 20:00;333;0;0;2.4
2019-01-14 21:00;334;0;0;2
2019-01-14 22:00;335;0;0;1.6
2019-01-14 23:00;336;0;0;2.3
2019-01-15 00:00;337;0;0;2.1
2019-01-15 01:00;338;0;0;1.9
2019-01-15 02:00;339;0;0;1.9
2019-01-15 03:00;340;0;0;2.1
2019-01-15 04:00;341;0;0;2.2
2019-01-15 05:00;342;0;0;1.6
2019-01-15 06:00;343;0;0;1.5
2019-01-15 07:00;344;0;1;1.5
2019-01-15 08:00;345;0.651;2;1.6
2019-01-15 09:00;346;1.6;29;2.6
2019-01-15 10:00;347;2.79;82;3.2
2019-01-15 11:00;348;3.622;156;4.6
2019-01-15 12:00;349;3.855;314;7
2019-01-15 13:00;350;3.798;593;9
2019-01-15 14:00;351;3.465;602;10.4
2019-01-15 15:00;352;2.84;511;11.8
2019-01-15 16:00;353;1.854;365;12.2
2019-01-15 17:00;354;0.509;167;10.8
2019-01-15 18:00;355;0;7;7
2019-01-15 19:00;356;0;0;6.5
2019-01-15 20:00;357;0;0;4.7
2019-01-15 21:00;358;0;0;3.9
2019-01-15 22:00;359;0;0;2.4
2019-01-15 23:00;360;0;0;2.9
2019-01-16 00:00;361;0;0;3.2
2019-01-16 01:00;362;0;0;2.7
2019-01-16 02:00;363;0;0;2.5
2019-01-16 03:00;364;0;0;2.4
2019-01-16 04:00;365;0;0;3.8
2019-01-16 05:00;366;0;0;3.4
2019-01-16 06:00;367;0;0;3.1
2019-01-16 07:00;368;0;7;2.3
2019-01-16 08:00;369;0.889;22;2.9
2019-01-16 09:00;370;1.918;115;6.7
2019-01-16 10:00;371;2.759;392;8.5
2019-01-16 11:00;372;3.275;424;12.9
2019-01-16 12:00;373;3.336;539;15.2
2019-01-16 13:00;374;3.245;593;18.2
2019-01-16 14:00;375;3.153;600;20
2019-01-16 15:00;376;2.728;525;20.8
2019-01-16 16:00;377;1.809;377;21.2
2019-01-16 17:00;378;0.543;171;18.9
2019-01-16 18:00;379;0;8;13.4
2019-01-16 19:00;380;0;0;8.4
2019-01-16 20:00;381;0;0;10.5
2019-01-16 21:00;382;0;0;9.1
2019-01-16 22:00;383;0;0;7.5
2019-01-16 23:00;384;0;0;7
2019-01-17 00:00;385;0;0;3.8
2019-01-17 01:00;386;0;0;7.2
2019-01-17 02:00;387;0;0;6.7
2019-01-17 03:00;388;0;0;5.5
2019-01-17 04:00;389;0;0;3.6
2019-01-17 05:00;390;0;0;1.2
2019-01-17 06:00;391;0;0;1.5
2019-01-17 07:00;392;0;4;0.7
2019-01-17 08:00;393;1.3;22;3.3
2019-01-17 09:00;394;2.332;174;8.3
2019-01-17 10:00;395;3.19;348;10.5
2019-01-17 11:00;396;3.674;508;13.1
2019-01-17 12:00;397;3.903;607;16
2019-01-17 13:00;398;3.874;643;17.8
2019-01-17 14:00;399;3.563;630;19
2019-01-17 15:00;400;2.954;546;20.1
2019-01-17 16:00;401;2.001;390;19.4
2019-01-17 17:00;402;0.66;179;17.9
2019-01-17 18:00;403;0;9;14
2019-01-17 19:00;404;0;0;11.7
2019-01-17 20:00;405;0;0;9.1
2019-01-17 21:00;406;0;0;7.3
2019-01-17 22:00;407;0;0;8.2
2019-01-17 23:00;408;0;0;7.1
2019-01-18 00:00;409;0;0;7.8
2019-01-18 01:00;410;0;0;6.8
2019-01-18 02:00;411;0;0;8.1
2019-01-18 03:00;412;0;0;8.3
2019-01-18 04:00;413;0;0;9.8
2019-01-18 05:00;414;0;0;6.9
2019-01-18 06:00;415;0;0;6.2
2019-01-18 07:00;416;0;1;6.3
2019-01-18 08:00;417;1.167;19;10.2
2019-01-18 09:00;418;2.148;164;15.4
2019-01-18 10:00;419;2.945;308;16
2019-01-18 11:00;420;3.453;472;17.7
2019-01-18 12:00;421;3.096;551;16.9
2019-01-18 13:00;422;2.736;596;12.1
2019-01-18 14:00;423;2.335;483;11.6
2019-01-18 15:00;424;1.815;381;15.1
2019-01-18 16:00;425;1.244;378;14
2019-01-18 17:00;426;0.452;182;13.2
2019-01-18 18:00;427;0;10;11.5
2019-01-18 19:00;428;0;0;9.8
2019-01-18 20:00;429;0;0;9.2
2019-01-18 21:00;430;0;0;6.7
2019-01-18 22:00;431;0;0;6.7
2019-01-18 23:00;432;0;0;7.2
2019-01-19 00:00;433;0;0;5.7
2019-01-19 01:00;434;0;0;5.3
2019-01-19 02:00;435;0;0;2.7
2019-01-19 03:00;436;0;0;2.2
2019-01-19 04:00;437;0;0;2.1
2019-01-19 05:00;438;0;0;0.9
2019-01-19 06:00;439;0;0;0.8
2019-01-19 07:00;440;0;3;0.4
2019-01-19 08:00;441;1.378;20;1.7
2019-01-19 09:00;442;2.441;177;6.3
2019-01-19 10:00;443;3.341;365;8.4
2019-01-19 11:00;444;3.892;522;10.1
2019-01-19 12:00;445;4.142;624;13.1
2019-01-19 13:00;446;4.1;662;14.1
2019-01-19 14:00;447;3.775;636;14.3
2019-01-19 15:00;448;3.13;544;14.8
2019-01-19 16:00;449;2.127;394;15.3
2019-01-19 17:00;450;0.718;190;13.7
2019-01-19 18:00;451;0;9;9.1
2019-01-19 19:00;452;0;0;7.1
2019-01-19 20:00;453;0;0;4.3
2019-01-19 21:00;454;0;0;4.3
2019-01-19 22:00;455;0;0;3.5
2019-01-19 23:00;456;0;0;3
2019-01-20 00:00;457;0;0;1
2019-01-20 01:00;458;0;0;1
2019-01-20 02:00;459;0;0;0.3
2019-01-20 03:00;460;0;0;-0.2
2019-01-20 04:00;461;0;0;-1.4
2019-01-20 05:00;462;0;0;-1.2
2019-01-20 06:00;463;0;0;-1.3
2019-01-20 07:00;464;0;3;-0.2
2019-01-20 08:00;465;0.456;19;0.2
2019-01-20 09:00;466;1.37;113;3.4
2019-01-20 10:00;467;2.468;292;8.1
2019-01-20 11:00;468;3.263;445;10.3
2019-01-20 12:00;469;3.769;575;12
2019-01-20 13:00;470;3.791;622;15.2
2019-01-20 14:00;471;3.456;582;16.2
2019-01-20 15:00;472;2.738;590;17.5
2019-01-20 16:00;473;1.588;266;16.6
2019-01-20 17:00;474;0.353;156;14.7
2019-01-20 18:00;475;0;15;11
2019-01-20 19:00;476;0;0;7.8
2019-01-20 20:00;477;0;0;7.6
2019-01-20 21:00;478;0;0;6.1
2019-01-20 22:00;479;0;0;3.7
2019-01-20 23:00;480;0;0;3.2
2019-01-21 00:00;481;0;0;4
2019-01-21 01:00;482;0;0;2.2
2019-01-21 02:00;483;0;0;3.4
2019-01-21 03:00;484;0;0;3.3
2019-01-21 04:00;485;0;0;1.8
2019-01-21 05:00;486;0;0;2.1
2019-01-21 06:00;487;0;0;3.2
2019-01-21 07:00;488;0;0;1.3
2019-01-21 08:00;489;0.899;12;2.5
2019-01-21 09:00;490;2.02;104;7.8
2019-01-21 10:00;491;3.006;280;15.9
2019-01-21 11:00;492;3.512;503;18.4
2019-01-21 12:00;493;3.755;565;20.5
2019-01-21 13:00;494;3.742;603;24.2
2019-01-21 14:00;495;3.468;458;22.5
2019-01-21 15:00;496;2.895;238;23.3
2019-01-21 16:00;497;1.832;358;23.1
2019-01-21 17:00;498;0.477;151;21.3
2019-01-21 18:00;499;0;29;18.2
2019-01-21 19:00;500;0;0;14.9
2019-01-21 20:00;501;0;0;17
2019-01-21 21:00;502;0;0;16.2
2019-01-21 22:00;503;0;0;12.2
2019-01-21 23:00;504;0;0;11.9
2019-01-22 00:00;505;0;0;11.6
2019-01-22 01:00;506;0;0;10.5
2019-01-22 02:00;507;0;0;11.6
2019-01-22 03:00;508;0;0;6.5
2019-01-22 04:00;509;0;0;3.9
2019-01-22 05:00;510;0;0;3.2
2019-01-22 06:00;511;0;0;4.4
2019-01-22 07:00;512;0;2;4.5
2019-01-22 08:00;513;1.088;19;3.8
2019-01-22 09:00;514;2.295;181;7.5
2019-01-22 10:00;515;2.589;363;7.4
2019-01-22 11:00;516;2.557;352;5.6
2019-01-22 12:00;517;2.846;438;5.7
2019-01-22 13:00;518;2.619;650;6.4
2019-01-22 14:00;519;2.125;636;6.9
2019-01-22 15:00;520;1.937;545;6.9
2019-01-22 16:00;521;1.276;402;7.3
2019-01-22 17:00;522;0.378;166;5.2
2019-01-22 18:00;523;0;13;3
2019-01-22 19:00;524;0;0;1.7
2019-01-22 20:00;525;0;0;0.2
2019-01-22 21:00;526;0;0;-0.9
2019-01-22 22:00;527;0;0;-3.6
2019-01-22 23:00;528;0;0;-3.3
2019-01-23 00:00;529;0;0;-4.2
2019-01-23 01:00;530;0;0;-5.1
2019-01-23 02:00;531;0;0;-4.6
2019-01-23 03:00;532;0;0;-7
2019-01-23 04:00;533;0;0;-5.7
2019-01-23 05:00;534;0;0;-5.3
2019-01-23 06:00;535;0;0;-5.7
2019-01-23 07:00;536;0;3;-6
2019-01-23 08:00;537;1.286;23;-4.5
2019-01-23 09:00;538;2.566;186;-2.1
2019-01-23 10:00;539;3.473;374;2.5
2019-01-23 11:00;540;4.013;533;6.4
2019-01-23 12:00;541;4.241;639;9.2
2019-01-23 13:00;542;4.182;658;10.3
2019-01-23 14:00;543;3.834;649;13.1
2019-01-23 15:00;544;3.167;559;12
2019-01-23 16:00;545;2.151;410;13.1
2019-01-23 17:00;546;0.742;210;10.7
2019-01-23 18:00;547;0;11;6.8
2019-01-23 19:00;548;0;0;6.6
2019-01-23 20:00;549;0;0;3.4
2019-01-23 21:00;550;0;0;4.8
2019-01-23 22:00;551;0;0;2.4
2019-01-23 23:00;552;0;0;1
2019-01-24 00:00;553;0;0;2.8
2019-01-24 01:00;554;0;0;2
2019-01-24 02:00;555;0;0;6.2
2019-01-24 03:00;556;0;0;6.4
2019-01-24 04:00;557;0;0;5
2019-01-24 05:00;558;0;0;6.1
2019-01-24 06:00;559;0;0;5.2
2019-01-24 07:00;560;0;0;4.5
2019-01-24 08:00;561;1.227;82;4.6
2019-01-24 09:00;562;2.45;186;5.2
2019-01-24 10:00;563;3.338;374;6.1
2019-01-24 11:00;564;3.897;532;7.5
2019-01-24 12:00;565;4.158;637;8.5
2019-01-24 13:00;566;4.131;679;8.7
2019-01-24 14:00;567;3.814;652;9.7
2019-01-24 15:00;568;3.177;562;10.8
2019-01-24 16:00;569;2.179;414;10.6
2019-01-24 17:00;570;0.783;215;9.7
2019-01-24 18:00;571;0;12;4.4
2019-01-24 19:00;572;0;0;2
2019-01-24 20:00;573;0;0;0.8
2019-01-24 21:00;574;0;0;1.5
2019-01-24 22:00;575;0;0;0.5
2019-01-24 23:00;576;0;0;-1.8
2019-01-25 00:00;577;0;0;-2.3
2019-01-25 01:00;578;0;0;-1.2
2019-01-25 02:00;579;0;0;-2.9
2019-01-25 03:00;580;0;0;-2.8
2019-01-25 04:00;581;0;0;-4.6
2019-01-25 05:00;582;0;0;-4.3
2019-01-25 06:00;583;0;0;-4.3
2019-01-25 07:00;584;0;3;-3
2019-01-25 08:00;585;1.304;93;-1.5
2019-01-25 09:00;586;2.539;187;0.9
2019-01-25 10:00;587;3.414;378;3.6
2019-01-25 11:00;588;3.941;537;6.4
2019-01-25 12:00;589;4.171;644;8.5
2019-01-25 13:00;590;4.072;685;10.6
2019-01-25 14:00;591;3.827;661;12.2
2019-01-25 15:00;592;3.21;568;12.1
2019-01-25 16:00;593;2.231;419;11.7
2019-01-25 17:00;594;0.834;220;10.1
2019-01-25 18:00;595;0;13;7.4
2019-01-25 19:00;596;0;0;5.5
2019-01-25 20:00;597;0;0;3
2019-01-25 21:00;598;0;0;2.5
2019-01-25 22:00;599;0;0;1.6
2019-01-25 23:00;600;0;0;0.5
2019-01-26 00:00;601;0;0;-0.6
2019-01-26 01:00;602;0;0;-2.1
2019-01-26 02:00;603;0;0;-2.2
2019-01-26 03:00;604;0;0;-2.2
2019-01-26 04:00;605;0;0;-3
2019-01-26 05:00;606;0;0;-3
2019-01-26 06:00;607;0;0;-4.1
2019-01-26 07:00;608;0;1;-5.7
2019-01-26 08:00;609;1.308;24;-1.6
2019-01-26 09:00;610;2.539;185;2.5
2019-01-26 10:00;611;3.406;375;4.7
2019-01-26 11:00;612;3.932;541;7.2
2019-01-26 12:00;613;4.159;645;9.6
2019-01-26 13:00;614;4.106;653;10.6
2019-01-26 14:00;615;3.775;661;12.4
2019-01-26 15:00;616;3.146;570;13.4
2019-01-26 16:00;617;2.168;423;14.6
2019-01-26 17:00;618;0.802;226;13.6
2019-01-26 18:00;619;0;13;11.1
2019-01-26 19:00;620;0;0;7.2
2019-01-26 20:00;621;0;0;5
2019-01-26 21:00;622;0;0;4.7
2019-01-26 22:00;623;0;0;3.3
2019-01-26 23:00;624;0;0;1.9
2019-01-27 00:00;625;0;0;1.3
2019-01-27 01:00;626;0;0;0.8
2019-01-27 02:00;627;0;0;-1.2
2019-01-27 03:00;628;0;0;-2.2
2019-01-27 04:00;629;0;0;-1.8
2019-01-27 05:00;630;0;0;-4.6
2019-01-27 06:00;631;0;0;-5.7
2019-01-27 07:00;632;0;4;-4.2
2019-01-27 08:00;633;1.261;31;-0.8
2019-01-27 09:00;634;2.471;194;3.1
2019-01-27 10:00;635;3.314;387;6.3
2019-01-27 11:00;636;3.799;546;9.3
2019-01-27 12:00;637;3.901;609;11.5
2019-01-27 13:00;638;3.626;610;13.5
2019-01-27 14:00;639;3.305;638;15.6
2019-01-27 15:00;640;2.53;474;15.8
2019-01-27 16:00;641;0.927;419;16.3
2019-01-27 17:00;642;0.148;217;13.5
2019-01-27 18:00;643;0;20;10.3
2019-01-27 19:00;644;0;0;9.8
2019-01-27 20:00;645;0;0;8.4
2019-01-27 21:00;646;0;0;9.3
2019-01-27 22:00;647;0;0;6.9
2019-01-27 23:00;648;0;0;6.4
2019-01-28 00:00;649;0;0;3.5
2019-01-28 01:00;650;0;0;3.3
2019-01-28 02:00;651;0;0;2.1
2019-01-28 03:00;652;0;0;2.8
2019-01-28 04:00;653;0;0;8.9
2019-01-28 05:00;654;0;0;9.4
2019-01-28 06:00;655;0;0;8.5
2019-01-28 07:00;656;0;4;6.2
2019-01-28 08:00;657;1.204;25;7.5
2019-01-28 09:00;658;2.408;191;8.2
2019-01-28 10:00;659;3.302;379;8.7
2019-01-28 11:00;660;3.857;537;9.8
2019-01-28 12:00;661;4.111;642;10.9
2019-01-28 13:00;662;4.078;686;10.8
2019-01-28 14:00;663;3.759;663;11.4
2019-01-28 15:00;664;2.972;574;11.9
2019-01-28 16:00;665;1.954;427;11.7
2019-01-28 17:00;666;0.735;235;10.6
2019-01-28 18:00;667;0;28;6.9
2019-01-28 19:00;668;0;0;4.6
2019-01-28 20:00;669;0;0;2.9
2019-01-28 21:00;670;0;0;1.4
2019-01-28 22:00;671;0;0;0.5
2019-01-28 23:00;672;0;0;0.8
2019-01-29 00:00;673;0;0;0.8
2019-01-29 01:00;674;0;0;0.4
2019-01-29 02:00;675;0;0;-0.1
2019-01-29 03:00;676;0;0;-1.8
2019-01-29 04:00;677;0;0;-4.4
2019-01-29 05:00;678;0;0;-5.4
2019-01-29 06:00;679;0;0;-4
2019-01-29 07:00;680;0;4;-2.5
2019-01-29 08:00;681;0.176;9;-1.7
2019-01-29 09:00;682;0.876;46;-0.6
2019-01-29 10:00;683;1.653;86;0.8
2019-01-29 11:00;684;1.645;97;1.6
2019-01-29 12:00;685;1.323;133;2.3
2019-01-29 13:00;686;0.968;156;3.7
2019-01-29 14:00;687;0.833;270;5
2019-01-29 15:00;688;0.732;326;5.2
2019-01-29 16:00;689;0.507;219;5.2
2019-01-29 17:00;690;0.14;144;5.2
2019-01-29 18:00;691;0;22;3.1
2019-01-29 19:00;692;0;0;2.6
2019-01-29 20:00;693;0;0;2.5
2019-01-29 21:00;694;0;0;1.3
2019-01-29 22:00;695;0;0;1
2019-01-29 23:00;696;0;0;0.8
2019-01-30 00:00;697;0;0;0.3
2019-01-30 01:00;698;0;0;-0.2
2019-01-30 02:00;699;0;0;-0.8
2019-01-30 03:00;700;0;0;-0.9
2019-01-30 04:00;701;0;0;-0.9
2019-01-30 05:00;702;0;0;-1.1
2019-01-30 06:00;703;0;0;-1.7
2019-01-30 07:00;704;0.001;1;-2.6
2019-01-30 08:00;705;0.999;11;-1.3
2019-01-30 09:00;706;2.368;190;0.7
2019-01-30 10:00;707;3.4;387;3.7
2019-01-30 11:00;708;3.961;549;5.4
2019-01-30 12:00;709;4.204;659;7.9
2019-01-30 13:00;710;4.157;704;9.8
2019-01-30 14:00;711;3.825;679;10.5
2019-01-30 15:00;712;3.188;587;11.3
2019-01-30 16:00;713;2.213;437;11.6
2019-01-30 17:00;714;0.861;247;10.5
2019-01-30 18:00;715;0;17;6.9
2019-01-30 19:00;716;0;0;3.9
2019-01-30 20:00;717;0;0;2
2019-01-30 21:00;718;0;0;0.5
2019-01-30 22:00;719;0;0;-0.5
2019-01-30 23:00;720;0;0;-2.3
2019-01-31 00:00;721;0;0;-1.8
2019-01-31 01:00;722;0;0;-2.3
2019-01-31 02:00;723;0;0;-2
2019-01-31 03:00;724;0;0;-2.7
2019-01-31 04:00;725;0;0;-2.7
2019-01-31 05:00;726;0;0;-2.2
2019-01-31 06:00;727;0;0;-3.9
2019-01-31 07:00;728;0.005;3;-2.6
2019-01-31 08:00;729;1.315;31;0.2
2019-01-31 09:00;730;2.515;203;3.6
2019-01-31 10:00;731;3.359;395;6.7
2019-01-31 11:00;732;3.854;556;10
2019-01-31 12:00;733;4.08;663;14.3
2019-01-31 13:00;734;4.039;708;16.7
2019-01-31 14:00;735;3.729;686;18
2019-01-31 15:00;736;3.127;591;18.7
2019-01-31 16:00;737;2.187;441;18.6
2019-01-31 17:00;738;0.872;252;17.1
2019-01-31 18:00;739;0;16;11.3
2019-01-31 19:00;740;0;4;13.3
2019-01-31 20:00;741;0;0;7.6
2019-01-31 21:00;742;0;0;9.3
2019-01-31 22:00;743;0;0;6.4
2019-01-31 23:00;744;0;0;3.8
2019-02-01 00:00;745;0;0;4.6
2019-02-01 01:00;746;0;0;3.4
2019-02-01 02:00;747;0;0;2.1
2019-02-01 03:00;748;0;0;2.6
2019-02-01 04:00;749;0;0;1.8
2019-02-01 05:00;750;0;0;1.5
2019-02-01 06:00;751;0;0;1.5
2019-02-01 07:00;752;0;4;2.3
2019-02-01 08:00;753;0.83;18;3.9
2019-02-01 09:00;754;2.081;127;6.4
2019-02-01 10:00;755;2.286;232;8.7
2019-02-01 11:00;756;1.782;393;11.3
2019-02-01 12:00;757;1.362;430;13.5
2019-02-01 13:00;758;1.253;625;16.7
2019-02-01 14:00;759;1.239;643;18.8
2019-02-01 15:00;760;1.188;439;17.2
2019-02-01 16:00;761;0.921;175;16.9
2019-02-01 17:00;762;0.272;151;15.4
2019-02-01 18:00;763;0;29;14
2019-02-01 19:00;764;0;3;9.5
2019-02-01 20:00;765;0;0;8
2019-02-01 21:00;766;0;0;7.7
2019-02-01 22:00;767;0;0;6.7
2019-02-01 23:00;768;0;0;6.6
2019-02-02 00:00;769;0;0;4.1
2019-02-02 01:00;770;0;0;5.2
2019-02-02 02:00;771;0;0;2.3
2019-02-02 03:00;772;0;0;1.9
2019-02-02 04:00;773;0;0;2.2
2019-02-02 05:00;774;0;0;1.8
2019-02-02 06:00;775;0;0;1.1
2019-02-02 07:00;776;0.003;1;-0.3
2019-02-02 08:00;777;1.17;11;3.1
2019-02-02 09:00;778;2.347;115;7.2
2019-02-02 10:00;779;3.183;379;9.9
2019-02-02 11:00;780;3.689;551;13
2019-02-02 12:00;781;3.921;661;16.1
2019-02-02 13:00;782;3.867;707;18.4
2019-02-02 14:00;783;3.522;683;20
2019-02-02 15:00;784;2.882;590;20.4
2019-02-02 16:00;785;1.759;440;21.4
2019-02-02 17:00;786;0.55;250;19.2
2019-02-02 18:00;787;0;37;15.5
2019-02-02 19:00;788;0;1;14.5
2019-02-02 20:00;789;0;0;10.5
2019-02-02 21:00;790;0;0;9.2
2019-02-02 22:00;791;0;0;9.8
2019-02-02 23:00;792;0;0;7.8
2019-02-03 00:00;793;0;0;8.3
2019-02-03 01:00;794;0;0;7.2
2019-02-03 02:00;795;0;0;6.9
2019-02-03 03:00;796;0;0;5
2019-02-03 04:00;797;0;0;4.8
2019-02-03 05:00;798;0;0;5.1
2019-02-03 06:00;799;0;0;3.9
2019-02-03 07:00;800;0.002;6;5
2019-02-03 08:00;801;0.546;22;7.3
2019-02-03 09:00;802;0.844;150;9.3
2019-02-03 10:00;803;1.35;244;12.7
2019-02-03 11:00;804;1.531;454;19.7
2019-02-03 12:00;805;2.707;645;21.5
2019-02-03 13:00;806;3.748;687;23
2019-02-03 14:00;807;3.488;683;21.1
2019-02-03 15:00;808;2.905;611;22.2
2019-02-03 16:00;809;1.98;448;22.2
2019-02-03 17:00;810;0.749;284;19.4
2019-02-03 18:00;811;0;27;16.5
2019-02-03 19:00;812;0;1;15.4
2019-02-03 20:00;813;0;0;13.1
2019-02-03 21:00;814;0;0;13.9
2019-02-03 22:00;815;0;0;12.9
2019-02-03 23:00;816;0;0;11
2019-02-04 00:00;817;0;0;8.6
2019-02-04 01:00;818;0;0;8.8
2019-02-04 02:00;819;0;0;7.7
2019-02-04 03:00;820;0;0;5.3
2019-02-04 04:00;821;0;0;7.9
2019-02-04 05:00;822;0;0;7.3
2019-02-04 06:00;823;0;0;4.9
2019-02-04 07:00;824;0.004;4;5.3
2019-02-04 08:00;825;1.023;36;8.4
2019-02-04 09:00;826;2.339;216;11.3
2019-02-04 10:00;827;3.181;386;16.6
2019-02-04 11:00;828;3.657;559;17.9
2019-02-04 12:00;829;3.831;669;20.5
2019-02-04 13:00;830;3.653;710;22
2019-02-04 14:00;831;3.322;686;22.5
2019-02-04 15:00;832;2.835;601;22.2
2019-02-04 16:00;833;1.978;442;21.2
2019-02-04 17:00;834;0.818;241;19.9
2019-02-04 18:00;835;0;40;17.6
2019-02-04 19:00;836;0;0;16.5
2019-02-04 20:00;837;0;0;12.4
2019-02-04 21:00;838;0;0;12.2
2019-02-04 22:00;839;0;0;11.8
2019-02-04 23:00;840;0;0;9.7
2019-02-05 00:00;841;0;0;10.9
2019-02-05 01:00;842;0;0;9.5
2019-02-05 02:00;843;0;0;12.6
2019-02-05 03:00;844;0;0;13.3
2019-02-05 04:00;845;0;0;11.7
2019-02-05 05:00;846;0;0;12.7
2019-02-05 06:00;847;0;0;12.3
2019-02-05 07:00;848;0;2;12.1
2019-02-05 08:00;849;0.212;13;13.6
2019-02-05 09:00;850;0.857;118;17.9
2019-02-05 10:00;851;1.544;341;18.7
2019-02-05 11:00;852;1.285;362;20.3
2019-02-05 12:00;853;1.605;302;21.6
2019-02-05 13:00;854;1.666;390;21.6
2019-02-05 14:00;855;1.391;465;22.6
2019-02-05 15:00;856;0.996;333;21.3
2019-02-05 16:00;857;0.684;188;20.2
2019-02-05 17:00;858;0.242;76;17.7
2019-02-05 18:00;859;0;14;16.6
2019-02-05 19:00;860;0;0;14.3
2019-02-05 20:00;861;0;0;14.7
2019-02-05 21:00;862;0;0;12.5
2019-02-05 22:00;863;0;0;11.9
2019-02-05 23:00;864;0;0;14.2
2019-02-06 00:00;865;0;0;13.8
2019-02-06 01:00;866;0;0;13.2
2019-02-06 02:00;867;0;0;11.3
2019-02-06 03:00;868;0;0;10.6
2019-02-06 04:00;869;0;0;10.8
2019-02-06 05:00;870;0;0;12.3
2019-02-06 06:00;871;0;0;11.8
2019-02-06 07:00;872;0.013;6;9.3
2019-02-06 08:00;873;1.297;39;12.1
2019-02-06 09:00;874;2.427;214;13.7
2019-02-06 10:00;875;3.231;406;17.4
2019-02-06 11:00;876;3.658;570;17.4
2019-02-06 12:00;877;3.834;676;19.5
2019-02-06 13:00;878;3.812;715;20.4
2019-02-06 14:00;879;3.554;674;18.1
2019-02-06 15:00;880;2.961;577;19.9
2019-02-06 16:00;881;2.071;430;19.7
2019-02-06 17:00;882;0.86;185;18.2
2019-02-06 18:00;883;0;62;16.2
2019-02-06 19:00;884;0;0;11.6
2019-02-06 20:00;885;0;0;9.8
2019-02-06 21:00;886;0;0;7.9
2019-02-06 22:00;887;0;0;8.2
2019-02-06 23:00;888;0;0;6.8
2019-02-07 00:00;889;0;0;5.9
2019-02-07 01:00;890;0;0;6.4
2019-02-07 02:00;891;0;0;3.9
2019-02-07 03:00;892;0;0;2.4
2019-02-07 04:00;893;0;0;1.3
2019-02-07 05:00;894;0;0;1.8
2019-02-07 06:00;895;0;0;1.4
2019-02-07 07:00;896;0.021;3;-1.2
2019-02-07 08:00;897;1.508;43;0.8
2019-02-07 09:00;898;2.738;230;3.3
2019-02-07 10:00;899;3.61;433;5.4
2019-02-07 11:00;900;4.133;598;6.7
2019-02-07 12:00;901;4.395;711;7.3
2019-02-07 13:00;902;4.392;758;8
2019-02-07 14:00;903;4.069;735;9.1
2019-02-07 15:00;904;3.44;642;9.7
2019-02-07 16:00;905;2.465;490;10
2019-02-07 17:00;906;1.095;294;9
2019-02-07 18:00;907;0.004;55;5.3
2019-02-07 19:00;908;0;0;3.5
2019-02-07 20:00;909;0;0;-0.3
2019-02-07 21:00;910;0;0;-1.1
2019-02-07 22:00;911;0;0;0
2019-02-07 23:00;912;0;0;-1
2019-02-08 00:00;913;0;0;-3.3
2019-02-08 01:00;914;0;0;-3.4
2019-02-08 02:00;915;0;0;-3
2019-02-08 03:00;916;0;0;-5.8
2019-02-08 04:00;917;0;0;-6.1
2019-02-08 05:00;918;0;0;-5.7
2019-02-08 06:00;919;0;0;-7.2
2019-02-08 07:00;920;0.022;1;-7.9
2019-02-08 08:00;921;1.485;36;-5.3
2019-02-08 09:00;922;2.586;180;-3.1
2019-02-08 10:00;923;3.505;401;-1
2019-02-08 11:00;924;4.174;366;0.7
2019-02-08 12:00;925;4.421;549;1.8
2019-02-08 13:00;926;4.351;634;3.3
2019-02-08 14:00;927;4.003;626;4.4
2019-02-08 15:00;928;3.354;632;5.2
2019-02-08 16:00;929;2.366;471;5.8
2019-02-08 17:00;930;1.003;275;5.2
2019-02-08 18:00;931;0.002;56;3.2
2019-02-08 19:00;932;0;1;1.3
2019-02-08 20:00;933;0;0;-0.3
2019-02-08 21:00;934;0;0;-0.7
2019-02-08 22:00;935;0;0;-2
2019-02-08 23:00;936;0;0;-3.4
2019-02-09 00:00;937;0;0;-3.5
2019-02-09 01:00;938;0;0;-5.6
2019-02-09 02:00;939;0;0;-5.3
2019-02-09 03:00;940;0;0;-5.7
2019-02-09 04:00;941;0;0;-5.9
2019-02-09 05:00;942;0;0;-5
2019-02-09 06:00;943;0;0;-4.7
2019-02-09 07:00;944;0;1;-5
2019-02-09 08:00;945;0.513;20;-3.7
2019-02-09 09:00;946;1.718;149;-1.6
2019-02-09 10:00;947;2.423;292;-0.3
2019-02-09 11:00;948;3.193;524;1.6
2019-02-09 12:00;949;3.72;690;4.4
2019-02-09 13:00;950;3.877;727;5.4
2019-02-09 14:00;951;3.495;653;6.6
2019-02-09 15:00;952;2.82;612;7.9
2019-02-09 16:00;953;1.858;329;7.3
2019-02-09 17:00;954;0.59;170;7
2019-02-09 18:00;955;0;45;5.8
2019-02-09 19:00;956;0;0;4
2019-02-09 20:00;957;0;0;3.3
2019-02-09 21:00;958;0;0;2.8
2019-02-09 22:00;959;0;0;3.2
2019-02-09 23:00;960;0;0;2.6
2019-02-10 00:00;961;0;0;2.6
2019-02-10 01:00;962;0;0;3
2019-02-10 02:00;963;0;0;2.7
2019-02-10 03:00;964;0;0;2.4
2019-02-10 04:00;965;0;0;1.7
2019-02-10 05:00;966;0;0;2.1
2019-02-10 06:00;967;0;0;2.2
2019-02-10 07:00;968;0;2;2.2
2019-02-10 08:00;969;0.146;7;2.5
2019-02-10 09:00;970;0.429;69;3.5
2019-02-10 10:00;971;0.82;119;3.8
2019-02-10 11:00;972;1.201;104;4.8
2019-02-10 12:00;973;1.104;190;5
2019-02-10 13:00;974;1.335;159;5.8
2019-02-10 14:00;975;1.306;159;6.5
2019-02-10 15:00;976;1.257;106;7.6
2019-02-10 16:00;977;0.854;65;8
2019-02-10 17:00;978;0.197;29;8
2019-02-10 18:00;979;0;8;7.3
2019-02-10 19:00;980;0;0;7.5
2019-02-10 20:00;981;0;0;7.7
2019-02-10 21:00;982;0;0;7
2019-02-10 22:00;983;0;0;7.9
2019-02-10 23:00;984;0;0;8.1
2019-02-11 00:00;985;0;0;6.8
2019-02-11 01:00;986;0;0;7.2
2019-02-11 02:00;987;0;0;5.1
2019-02-11 03:00;988;0;0;6.1
2019-02-11 04:00;989;0;0;4.9
2019-02-11 05:00;990;0;0;3.2
2019-02-11 06:00;991;0;0;3.6
2019-02-11 07:00;992;0.004;7;3.5
2019-02-11 08:00;993;0.735;9;4
2019-02-11 09:00;994;1.2;189;10.6
2019-02-11 10:00;995;2.398;435;14.5
2019-02-11 11:00;996;3.919;596;17.2
2019-02-11 12:00;997;4.156;673;16.8
2019-02-11 13:00;998;4.036;777;15
2019-02-11 14:00;999;3.819;726;14.2
2019-02-11 15:00;1000;3.327;626;12.1
2019-02-11 16:00;1001;2.379;488;10.7
2019-02-11 17:00;1002;1.054;296;11.1
2019-02-11 18:00;1003;0.016;83;9.7
2019-02-11 19:00;1004;0;1;8
2019-02-11 20:00;1005;0;0;5.5
2019-02-11 21:00;1006;0;0;5.5
2019-02-11 22:00;1007;0;0;3.8
2019-02-11 23:00;1008;0;0;4.2
2019-02-12 00:00;1009;0;0;3.4
2019-02-12 01:00;1010;0;0;2.3
2019-02-12 02:00;1011;0;0;1.7
2019-02-12 03:00;1012;0;0;-0.7
2019-02-12 04:00;1013;0;0;-1.7
2019-02-12 05:00;1014;0;0;-4.4
2019-02-12 06:00;1015;0;0;-4.4
2019-02-12 07:00;1016;0.048;17;-4.7
2019-02-12 08:00;1017;1.588;49;0.6
2019-02-12 09:00;1018;2.793;240;5.2
2019-02-12 10:00;1019;3.626;443;7.8
2019-02-12 11:00;1020;4.134;612;9.4
2019-02-12 12:00;1021;4.36;725;11.2
2019-02-12 13:00;1022;4.306;773;12.7
2019-02-12 14:00;1023;3.982;739;13.7
2019-02-12 15:00;1024;3.374;657;14.7
2019-02-12 16:00;1025;2.443;496;14.7
2019-02-12 17:00;1026;1.151;199;13.8
2019-02-12 18:00;1027;0.015;109;9.3
2019-02-12 19:00;1028;0;1;6.6
2019-02-12 20:00;1029;0;0;5.5
2019-02-12 21:00;1030;0;0;2.5
2019-02-12 22:00;1031;0;0;1.1
2019-02-12 23:00;1032;0;0;-0.1
2019-02-13 00:00;1033;0;0;0.2
2019-02-13 01:00;1034;0;0;-1.5
2019-02-13 02:00;1035;0;0;-0.6
2019-02-13 03:00;1036;0;0;-2
2019-02-13 04:00;1037;0;0;-2.8
2019-02-13 05:00;1038;0;0;-2.8
2019-02-13 06:00;1039;0;0;-4.8
2019-02-13 07:00;1040;0.007;14;-2.8
2019-02-13 08:00;1041;0.475;28;-1.8
2019-02-13 09:00;1042;1.287;179;3
2019-02-13 10:00;1043;2.857;395;6.5
2019-02-13 11:00;1044;2.195;450;7.8
2019-02-13 12:00;1045;1.81;450;10.8
2019-02-13 13:00;1046;1.47;506;15.9
2019-02-13 14:00;1047;1.269;596;17.2
2019-02-13 15:00;1048;1.385;348;19.7
2019-02-13 16:00;1049;1.217;305;20
2019-02-13 17:00;1050;0.4;212;19.1
2019-02-13 18:00;1051;0.006;60;15
2019-02-13 19:00;1052;0;0;10.5
2019-02-13 20:00;1053;0;0;13.3
2019-02-13 21:00;1054;0;0;10.7
2019-02-13 22:00;1055;0;0;10.2
2019-02-13 23:00;1056;0;0;10.2
2019-02-14 00:00;1057;0;0;9.4
2019-02-14 01:00;1058;0;0;9.8
2019-02-14 02:00;1059;0;0;8.1
2019-02-14 03:00;1060;0;0;6.5
2019-02-14 04:00;1061;0;0;6.5
2019-02-14 05:00;1062;0;0;6.8
2019-02-14 06:00;1063;0;0;7.2
2019-02-14 07:00;1064;0.03;17;6.4
2019-02-14 08:00;1065;0.677;38;12
2019-02-14 09:00;1066;1.926;170;17.6
2019-02-14 10:00;1067;2.56;388;21.6
2019-02-14 11:00;1068;3.638;437;22.2
2019-02-14 12:00;1069;3.848;579;25.2
2019-02-14 13:00;1070;3.327;626;25.3
2019-02-14 14:00;1071;1.684;581;25.9
2019-02-14 15:00;1072;2.051;356;26.4
2019-02-14 16:00;1073;1.345;314;24.3
2019-02-14 17:00;1074;0.61;117;22.7
2019-02-14 18:00;1075;0.008;33;21
2019-02-14 19:00;1076;0;0;17.6
2019-02-14 20:00;1077;0;0;17.6
2019-02-14 21:00;1078;0;0;16.2
2019-02-14 22:00;1079;0;0;16.1
2019-02-14 23:00;1080;0;0;15.6
2019-02-15 00:00;1081;0;0;15.7
2019-02-15 01:00;1082;0;0;16.1
2019-02-15 02:00;1083;0;0;15.6
2019-02-15 03:00;1084;0;0;13.8
2019-02-15 04:00;1085;0;0;16.1
2019-02-15 05:00;1086;0;0;13.7
2019-02-15 06:00;1087;0;0;13.9
2019-02-15 07:00;1088;0.038;10;10.6
2019-02-15 08:00;1089;1.192;47;13.9
2019-02-15 09:00;1090;2.208;239;18.9
2019-02-15 10:00;1091;2.817;418;21.5
2019-02-15 11:00;1092;3.69;548;23.8
2019-02-15 12:00;1093;3.774;661;24.2
2019-02-15 13:00;1094;3.962;718;25.3
2019-02-15 14:00;1095;3.674;657;25.7
2019-02-15 15:00;1096;3.047;621;25.7
2019-02-15 16:00;1097;1.06;467;24.8
2019-02-15 17:00;1098;0.882;212;23.5
2019-02-15 18:00;1099;0.019;83;20.5
2019-02-15 19:00;1100;0;1;18.6
2019-02-15 20:00;1101;0;0;15.5
2019-02-15 21:00;1102;0;0;15.2
2019-02-15 22:00;1103;0;0;14.1
2019-02-15 23:00;1104;0;0;13.1
2019-02-16 00:00;1105;0;0;12.4
2019-02-16 01:00;1106;0;0;13
2019-02-16 02:00;1107;0;0;13.6
2019-02-16 03:00;1108;0;0;10.2
2019-02-16 04:00;1109;0;0;8.9
2019-02-16 05:00;1110;0;0;8.8
2019-02-16 06:00;1111;0;0;6.8
2019-02-16 07:00;1112;0.015;16;8
2019-02-16 08:00;1113;0.813;32;10.9
2019-02-16 09:00;1114;1.134;182;15.4
2019-02-16 10:00;1115;1.556;317;18.4
2019-02-16 11:00;1116;2.461;552;21.2
2019-02-16 12:00;1117;2.898;613;21.2
2019-02-16 13:00;1118;3.35;742;21
2019-02-16 14:00;1119;3.681;745;21
2019-02-16 15:00;1120;3.249;651;20.6
2019-02-16 16:00;1121;2.281;495;19.3
2019-02-16 17:00;1122;1.039;293;18.1
2019-02-16 18:00;1123;0.031;100;15.5
2019-02-16 19:00;1124;0;1;12.7
2019-02-16 20:00;1125;0;0;10.9
2019-02-16 21:00;1126;0;0;9
2019-02-16 22:00;1127;0;0;8.2
2019-02-16 23:00;1128;0;0;7.5
2019-02-17 00:00;1129;0;0;6.2
2019-02-17 01:00;1130;0;0;5.8
2019-02-17 02:00;1131;0;0;5.3
2019-02-17 03:00;1132;0;0;3
2019-02-17 04:00;1133;0;0;2.7
2019-02-17 05:00;1134;0;0;-1.1
2019-02-17 06:00;1135;0;0;-1.5
2019-02-17 07:00;1136;0.037;26;-2.3
2019-02-17 08:00;1137;0.931;42;2.7
2019-02-17 09:00;1138;2.027;262;5.6
2019-02-17 10:00;1139;2.88;466;8
2019-02-17 11:00;1140;4.106;634;9.2
2019-02-17 12:00;1141;4.37;746;10.4
2019-02-17 13:00;1142;4.299;803;11.7
2019-02-17 14:00;1143;3.944;765;13.3
2019-02-17 15:00;1144;3.271;672;14.1
2019-02-17 16:00;1145;2.294;548;14.8
2019-02-17 17:00;1146;0.972;317;13.7
2019-02-17 18:00;1147;0.03;128;11.6
2019-02-17 19:00;1148;0;1;8.4
2019-02-17 20:00;1149;0;0;7.6
2019-02-17 21:00;1150;0;0;3.9
2019-02-17 22:00;1151;0;0;3.1
2019-02-17 23:00;1152;0;0;0.9
2019-02-18 00:00;1153;0;0;0.9
2019-02-18 01:00;1154;0;0;-0.6
2019-02-18 02:00;1155;0;0;-0.3
2019-02-18 03:00;1156;0;0;-0.2
2019-02-18 04:00;1157;0;0;-1.8
2019-02-18 05:00;1158;0;0;-2.1
2019-02-18 06:00;1159;0;0;-2.6
2019-02-18 07:00;1160;0.066;12;-2.9
2019-02-18 08:00;1161;1.439;42;-0.2
2019-02-18 09:00;1162;2.604;294;2
2019-02-18 10:00;1163;3.52;363;3.1
2019-02-18 11:00;1164;4.07;470;5.2
2019-02-18 12:00;1165;4.269;352;6.9
2019-02-18 13:00;1166;4.156;398;8.4
2019-02-18 14:00;1167;3.687;404;8.3
2019-02-18 15:00;1168;3.036;400;8.6
2019-02-18 16:00;1169;2.163;395;8
2019-02-18 17:00;1170;0.882;152;6.3
2019-02-18 18:00;1171;0.022;40;4.5
2019-02-18 19:00;1172;0;1;2.5
2019-02-18 20:00;1173;0;0;0.9
2019-02-18 21:00;1174;0;0;-0.2
2019-02-18 22:00;1175;0;0;-1.3
2019-02-18 23:00;1176;0;0;-1.7
2019-02-19 00:00;1177;0;0;-2.8
2019-02-19 01:00;1178;0;0;-2.3
2019-02-19 02:00;1179;0;0;-2.3
2019-02-19 03:00;1180;0;0;-3
2019-02-19 04:00;1181;0;0;-3
2019-02-19 05:00;1182;0;0;-3.4
2019-02-19 06:00;1183;0;0;-3.4
2019-02-19 07:00;1184;0.017;6;-3.4
2019-02-19 08:00;1185;0.61;12;-3.4
2019-02-19 09:00;1186;1.484;57;-3
2019-02-19 10:00;1187;2.155;132;-3
2019-02-19 11:00;1188;2.688;222;-1.9
2019-02-19 12:00;1189;3.179;297;-1.3
2019-02-19 13:00;1190;3.246;308;-0.7
2019-02-19 14:00;1191;2.745;284;0.5
2019-02-19 15:00;1192;2.027;328;2.4
2019-02-19 16:00;1193;1.101;477;3
2019-02-19 17:00;1194;0.351;303;3
2019-02-19 18:00;1195;0.005;80;1.9
2019-02-19 19:00;1196;0;2;1.3
2019-02-19 20:00;1197;0;0;1.7
2019-02-19 21:00;1198;0;0;1.7
2019-02-19 22:00;1199;0;0;-2.6
2019-02-19 23:00;1200;0;0;-3.4
2019-02-20 00:00;1201;0;0;-3.5
2019-02-20 01:00;1202;0;0;-2.4
2019-02-20 02:00;1203;0;0;-0.7
2019-02-20 03:00;1204;0;0;-3
2019-02-20 04:00;1205;0;0;-4.5
2019-02-20 05:00;1206;0;0;-6.3
2019-02-20 06:00;1207;0;0;-5.2
2019-02-20 07:00;1208;0.101;1;-6.8
2019-02-20 08:00;1209;1.589;57;-2.9
2019-02-20 09:00;1210;2.802;248;0.7
2019-02-20 10:00;1211;3.673;487;4.5
2019-02-20 11:00;1212;4.202;655;6.8
2019-02-20 12:00;1213;4.428;769;8.7
2019-02-20 13:00;1214;4.365;814;10.7
2019-02-20 14:00;1215;4.033;789;11.9
2019-02-20 15:00;1216;3.44;692;12.4
2019-02-20 16:00;1217;2.428;529;13.7
2019-02-20 17:00;1218;1.088;306;13.7
2019-02-20 18:00;1219;0.035;131;11.1
2019-02-20 19:00;1220;0;3;8.6
2019-02-20 20:00;1221;0;0;6.3
2019-02-20 21:00;1222;0;0;4.2
2019-02-20 22:00;1223;0;0;1.2
2019-02-20 23:00;1224;0;0;1.4
2019-02-21 00:00;1225;0;0;1.6
2019-02-21 01:00;1226;0;0;3.5
2019-02-21 02:00;1227;0;0;5.1
2019-02-21 03:00;1228;0;0;3.2
2019-02-21 04:00;1229;0;0;1.8
2019-02-21 05:00;1230;0;0;0.4
2019-02-21 06:00;1231;0;0;-1.1
2019-02-21 07:00;1232;0.076;13;-2.4
2019-02-21 08:00;1233;1.537;42;1.1
2019-02-21 09:00;1234;2.607;278;4.7
2019-02-21 10:00;1235;3.363;483;8.5
2019-02-21 11:00;1236;3.937;650;12.7
2019-02-21 12:00;1237;4.239;759;15.7
2019-02-21 13:00;1238;4.221;798;18
2019-02-21 14:00;1239;3.89;744;18.8
2019-02-21 15:00;1240;3.286;690;18.8
2019-02-21 16:00;1241;2.412;512;18.5
2019-02-21 17:00;1242;1.179;270;17.7
2019-02-21 18:00;1243;0.069;100;16
2019-02-21 19:00;1244;0;1;13
2019-02-21 20:00;1245;0;0;13
2019-02-21 21:00;1246;0;0;12.2
2019-02-21 22:00;1247;0;0;11.2
2019-02-21 23:00;1248;0;0;7.8
2019-02-22 00:00;1249;0;0;6.3
2019-02-22 01:00;1250;0;0;4.2
2019-02-22 02:00;1251;0;0;3.2
2019-02-22 03:00;1252;0;0;3.5
2019-02-22 04:00;1253;0;0;3.4
2019-02-22 05:00;1254;0;0;-0.1
2019-02-22 06:00;1255;0;0;1.1
2019-02-22 07:00;1256;0.109;1;-0.5
2019-02-22 08:00;1257;1.44;77;2.9
2019-02-22 09:00;1258;2.661;278;5.5
2019-02-22 10:00;1259;3.466;483;8.8
2019-02-22 11:00;1260;3.958;651;12.2
2019-02-22 12:00;1261;4.175;764;16.2
2019-02-22 13:00;1262;4.132;811;18
2019-02-22 14:00;1263;3.834;777;19.1
2019-02-22 15:00;1264;3.241;684;19.1
2019-02-22 16:00;1265;2.332;533;18.9
2019-02-22 17:00;1266;1.135;329;18.2
2019-02-22 18:00;1267;0.073;96;16.1
2019-02-22 19:00;1268;0;1;16.1
2019-02-22 20:00;1269;0;0;13.9
2019-02-22 21:00;1270;0;0;12.3
2019-02-22 22:00;1271;0;0;10.8
2019-02-22 23:00;1272;0;0;8.2
2019-02-23 00:00;1273;0;1;7.7
2019-02-23 01:00;1274;0;1;6.6
2019-02-23 02:00;1275;0;0;5.2
2019-02-23 03:00;1276;0;0;3.4
2019-02-23 04:00;1277;0;0;3.6
2019-02-23 05:00;1278;0;0;3.5
2019-02-23 06:00;1279;0;0;3.1
2019-02-23 07:00;1280;0.129;1;3.8
2019-02-23 08:00;1281;1.59;84;5.8
2019-02-23 09:00;1282;2.778;291;8.1
2019-02-23 10:00;1283;3.638;488;10.2
2019-02-23 11:00;1284;4.173;656;11.9
2019-02-23 12:00;1285;4.419;772;13.9
2019-02-23 13:00;1286;4.4;828;14.1
2019-02-23 14:00;1287;4.111;807;14.2
2019-02-23 15:00;1288;3.529;712;14.2
2019-02-23 16:00;1289;2.606;556;14.1
2019-02-23 17:00;1290;1.335;353;13.1
2019-02-23 18:00;1291;0.107;133;11.1
2019-02-23 19:00;1292;0;3;8.3
2019-02-23 20:00;1293;0;0;7.1
2019-02-23 21:00;1294;0;0;6.1
2019-02-23 22:00;1295;0;0;3.5
2019-02-23 23:00;1296;0;0;3.6
2019-02-24 00:00;1297;0;0;3.7
2019-02-24 01:00;1298;0;0;1.8
2019-02-24 02:00;1299;0;0;2.1
2019-02-24 03:00;1300;0;0;-1.9
2019-02-24 04:00;1301;0;0;-4.1
2019-02-24 05:00;1302;0;0;-3
2019-02-24 06:00;1303;0;0;-4.3
2019-02-24 07:00;1304;0.16;1;-2.5
2019-02-24 08:00;1305;1.701;92;0.8
2019-02-24 09:00;1306;2.893;302;3.7
2019-02-24 10:00;1307;3.72;512;6.8
2019-02-24 11:00;1308;4.217;681;8.9
2019-02-24 12:00;1309;4.437;796;11.7
2019-02-24 13:00;1310;4.379;846;14
2019-02-24 14:00;1311;4.006;821;15.3
2019-02-24 15:00;1312;3.243;681;15.5
2019-02-24 16:00;1313;2.386;520;15.9
2019-02-24 17:00;1314;1.292;318;14.8
2019-02-24 18:00;1315;0.097;110;12.2
2019-02-24 19:00;1316;0;4;10.2
2019-02-24 20:00;1317;0;0;8.9
2019-02-24 21:00;1318;0;0;5.2
2019-02-24 22:00;1319;0;0;3.6
2019-02-24 23:00;1320;0;0;4
2019-02-25 00:00;1321;0;0;2.7
2019-02-25 01:00;1322;0;0;2.9
2019-02-25 02:00;1323;0;0;1.4
2019-02-25 03:00;1324;0;0;-2.9
2019-02-25 04:00;1325;0;0;-0.2
2019-02-25 05:00;1326;0;0;-0.9
2019-02-25 06:00;1327;0;0;-3.7
2019-02-25 07:00;1328;0.139;1;-1.7
2019-02-25 08:00;1329;1.551;89;3.1
2019-02-25 09:00;1330;2.739;298;6.1
2019-02-25 10:00;1331;3.572;508;9.5
2019-02-25 11:00;1332;4.058;680;12.2
2019-02-25 12:00;1333;4.26;794;15.2
2019-02-25 13:00;1334;4.201;840;18.5
2019-02-25 14:00;1335;3.896;812;21.3
2019-02-25 15:00;1336;3.206;688;22.2
2019-02-25 16:00;1337;1.807;511;23.3
2019-02-25 17:00;1338;0.752;277;22.5
2019-02-25 18:00;1339;0.054;104;18.8
2019-02-25 19:00;1340;0;3;15.4
2019-02-25 20:00;1341;0;0;13.9
2019-02-25 21:00;1342;0;0;12.1
2019-02-25 22:00;1343;0;0;11.7
2019-02-25 23:00;1344;0;0;9.3
2019-02-26 00:00;1345;0;0;9.9
2019-02-26 01:00;1346;0;0;7.9
2019-02-26 02:00;1347;0;0;6.5
2019-02-26 03:00;1348;0;0;6.5
2019-02-26 04:00;1349;0;0;5.7
2019-02-26 05:00;1350;0;0;6.9
2019-02-26 06:00;1351;0;0;2
2019-02-26 07:00;1352;0.076;1;4.3
2019-02-26 08:00;1353;1.221;82;8
2019-02-26 09:00;1354;2.645;303;11.4
2019-02-26 10:00;1355;3.454;509;14.8
2019-02-26 11:00;1356;3.94;678;17.9
2019-02-26 12:00;1357;4.162;819;20.2
2019-02-26 13:00;1358;4.125;838;21.8
2019-02-26 14:00;1359;3.833;810;23.1
2019-02-26 15:00;1360;3.263;715;23.7
2019-02-26 16:00;1361;2.401;558;23.8
2019-02-26 17:00;1362;1.24;354;23.5
2019-02-26 18:00;1363;0.081;137;20.5
2019-02-26 19:00;1364;0;4;18.6
2019-02-26 20:00;1365;0;0;15.6
2019-02-26 21:00;1366;0;0;13.7
2019-02-26 22:00;1367;0;0;10.9
2019-02-26 23:00;1368;0;0;11.3
2019-02-27 00:00;1369;0;0;9.5
2019-02-27 01:00;1370;0;0;10.4
2019-02-27 02:00;1371;0;0;8.3
2019-02-27 03:00;1372;0;0;7.9
2019-02-27 04:00;1373;0;0;9.3
2019-02-27 05:00;1374;0;0;4.8
2019-02-27 06:00;1375;0;0;5.9
2019-02-27 07:00;1376;0.045;1;4.8
2019-02-27 08:00;1377;0.397;54;9.8
2019-02-27 09:00;1378;0.678;140;13.2
2019-02-27 10:00;1379;0.937;284;16.7
2019-02-27 11:00;1380;1.065;524;19.9
2019-02-27 12:00;1381;1.25;528;20.9
2019-02-27 13:00;1382;1.281;370;21.6
2019-02-27 14:00;1383;1.06;210;22.2
2019-02-27 15:00;1384;0.876;419;21.8
2019-02-27 16:00;1385;0.806;371;21.4
2019-02-27 17:00;1386;0.501;219;20.2
2019-02-27 18:00;1387;0.057;89;17.8
2019-02-27 19:00;1388;0;4;13.6
2019-02-27 20:00;1389;0;0;12.6
2019-02-27 21:00;1390;0;0;11.7
2019-02-27 22:00;1391;0;0;11
2019-02-27 23:00;1392;0;0;9.1
2019-02-28 00:00;1393;0;0;8.7
2019-02-28 01:00;1394;0;0;6.5
2019-02-28 02:00;1395;0;0;4.3
2019-02-28 03:00;1396;0;0;3.3
2019-02-28 04:00;1397;0;0;3.1
2019-02-28 05:00;1398;0;0;2.9
2019-02-28 06:00;1399;0;0;2.2
2019-02-28 07:00;1400;0.16;2;1.1
2019-02-28 08:00;1401;1.485;100;5.7
2019-02-28 09:00;1402;2.617;331;9.2
2019-02-28 10:00;1403;3.394;389;13.2
2019-02-28 11:00;1404;3.865;561;15.8
2019-02-28 12:00;1405;4.106;768;18.9
2019-02-28 13:00;1406;4.07;838;22.7
2019-02-28 14:00;1407;3.776;799;23
2019-02-28 15:00;1408;3.215;711;23.5
2019-02-28 16:00;1409;2.362;556;24.2
2019-02-28 17:00;1410;1.223;355;23.6
2019-02-28 18:00;1411;0.126;137;20.7
2019-02-28 19:00;1412;0;6;14.3
2019-02-28 20:00;1413;0;0;11.3
2019-02-28 21:00;1414;0;0;11.8
2019-02-28 22:00;1415;0;0;11.9
2019-02-28 23:00;1416;0;0;9.5
2019-03-01 00:00;1417;0;0;8.8
2019-03-01 01:00;1418;0;0;8.2
2019-03-01 02:00;1419;0;0;8.9
2019-03-01 03:00;1420;0;0;8.2
2019-03-01 04:00;1421;0;0;5.9
2019-03-01 05:00;1422;0;0;3.7
2019-03-01 06:00;1423;0;0;4.3
2019-03-01 07:00;1424;0.15;1;6.2
2019-03-01 08:00;1425;1.469;61;8.6
2019-03-01 09:00;1426;2.545;222;13.5
2019-03-01 10:00;1427;3.208;453;13.5
2019-03-01 11:00;1428;3.804;663;21.2
2019-03-01 12:00;1429;3.945;764;23.4
2019-03-01 13:00;1430;3.879;811;25
2019-03-01 14:00;1431;3.736;745;25.9
2019-03-01 15:00;1432;3.185;686;25.9
2019-03-01 16:00;1433;1.823;493;25.7
2019-03-01 17:00;1434;0.877;164;24.4
2019-03-01 18:00;1435;0.058;126;22.2
2019-03-01 19:00;1436;0;10;19.5
2019-03-01 20:00;1437;0;0;15.7
2019-03-01 21:00;1438;0;0;13.4
2019-03-01 22:00;1439;0;0;11.1
2019-03-01 23:00;1440;0;0;10.2
2019-03-02 00:00;1441;0;0;11.3
2019-03-02 01:00;1442;0;0;12
2019-03-02 02:00;1443;0;0;11.5
2019-03-02 03:00;1444;0;0;9.5
2019-03-02 04:00;1445;0;0;7.3
2019-03-02 05:00;1446;0;0;5.8
2019-03-02 06:00;1447;0;0;4.4
2019-03-02 07:00;1448;0.088;1;4.8
2019-03-02 08:00;1449;0.963;19;4.4
2019-03-02 09:00;1450;2.208;74;5.7
2019-03-02 10:00;1451;2.765;253;6.9
2019-03-02 11:00;1452;3.218;471;8.8
2019-03-02 12:00;1453;3.546;550;10.9
2019-03-02 13:00;1454;3.487;501;13.2
2019-03-02 14:00;1455;3.228;591;15.8
2019-03-02 15:00;1456;2.916;653;19
2019-03-02 16:00;1457;2.104;515;21
2019-03-02 17:00;1458;0.968;276;21.9
2019-03-02 18:00;1459;0.091;106;18.7
2019-03-02 19:00;1460;0;6;14.5
2019-03-02 20:00;1461;0;0;16.7
2019-03-02 21:00;1462;0;0;14.7
2019-03-02 22:00;1463;0;0;12.2
2019-03-02 23:00;1464;0;0;10.4
2019-03-03 00:00;1465;0;0;9
2019-03-03 01:00;1466;0;0;9.3
2019-03-03 02:00;1467;0;0;6.8
2019-03-03 03:00;1468;0;0;5.7
2019-03-03 04:00;1469;0;0;3.7
2019-03-03 05:00;1470;0;0;2.9
2019-03-03 06:00;1471;0;0;3.1
2019-03-03 07:00;1472;0.177;1;3.5
2019-03-03 08:00;1473;1.424;22;2.5
2019-03-03 09:00;1474;2.537;78;3
2019-03-03 10:00;1475;3.321;161;2.8
2019-03-03 11:00;1476;3.716;187;2.6
2019-03-03 12:00;1477;3.926;168;2.6
2019-03-03 13:00;1478;3.881;171;3
2019-03-03 14:00;1479;3.762;124;-0.1
2019-03-03 15:00;1480;3.206;131;-1.1
2019-03-03 16:00;1481;2.314;101;-1.4
2019-03-03 17:00;1482;1.179;62;-2.2
2019-03-03 18:00;1483;0.134;20;-2.4
2019-03-03 19:00;1484;0;0;-2.4
2019-03-03 20:00;1485;0;0;-2.4
2019-03-03 21:00;1486;0;0;-2.5
2019-03-03 22:00;1487;0;0;-2.5
2019-03-03 23:00;1488;0;0;-2.5
2019-03-04 00:00;1489;0;0;-3
2019-03-04 01:00;1490;0;0;-3
2019-03-04 02:00;1491;0;0;-3.6
2019-03-04 03:00;1492;0;0;-4
2019-03-04 04:00;1493;0;0;-4.2
2019-03-04 05:00;1494;0;0;-4.8
2019-03-04 06:00;1495;0;0;-5.3
2019-03-04 07:00;1496;0.09;3;-5.3
2019-03-04 08:00;1497;0.825;11;-5.5
2019-03-04 09:00;1498;1.819;58;-5.9
2019-03-04 10:00;1499;2.581;113;-5.2
2019-03-04 11:00;1500;3.253;114;-5
2019-03-04 12:00;1501;3.745;120;-4.3
2019-03-04 13:00;1502;4.098;193;-3.3
2019-03-04 14:00;1503;4.006;264;-2.2
2019-03-04 15:00;1504;3.464;206;-1.6
2019-03-04 16:00;1505;2.519;189;-1.4
2019-03-04 17:00;1506;1.3;107;-1
2019-03-04 18:00;1507;0.159;55;-1.6
2019-03-04 19:00;1508;0;5;-2.4
2019-03-04 20:00;1509;0;0;-2.6
2019-03-04 21:00;1510;0;0;-3.5
2019-03-04 22:00;1511;0;0;-4.1
2019-03-04 23:00;1512;0;0;-4.6
2019-03-05 00:00;1513;0;0;-5.4
2019-03-05 01:00;1514;0;0;-5.4
2019-03-05 02:00;1515;0;0;-6.3
2019-03-05 03:00;1516;0;0;-6.9
2019-03-05 04:00;1517;0;0;-8.2
2019-03-05 05:00;1518;0;0;-8.4
2019-03-05 06:00;1519;0;0;-7.3
2019-03-05 07:00;1520;0.228;4;-7.2
2019-03-05 08:00;1521;1.611;127;-5.1
2019-03-05 09:00;1522;2.816;333;-3.6
2019-03-05 10:00;1523;3.685;541;-2
2019-03-05 11:00;1524;4.216;709;0.1
2019-03-05 12:00;1525;4.457;821;3.1
2019-03-05 13:00;1526;4.399;864;4.3
2019-03-05 14:00;1527;4.074;836;6
2019-03-05 15:00;1528;3.458;737;7
2019-03-05 16:00;1529;2.551;578;7.6
2019-03-05 17:00;1530;1.323;373;7.6
2019-03-05 18:00;1531;0.175;154;6
2019-03-05 19:00;1532;0;6;2.7
2019-03-05 20:00;1533;0;0;1.8
2019-03-05 21:00;1534;0;0;0.6
2019-03-05 22:00;1535;0;0;-1
2019-03-05 23:00;1536;0;0;-1.6
2019-03-06 00:00;1537;0;0;-0.7
2019-03-06 01:00;1538;0;0;-1.9
2019-03-06 02:00;1539;0;0;-2.6
2019-03-06 03:00;1540;0;0;-2.7
2019-03-06 04:00;1541;0;0;-2.2
2019-03-06 05:00;1542;0;0;-2.3
2019-03-06 06:00;1543;0;0;-2.7
2019-03-06 07:00;1544;0.122;2;-2.1
2019-03-06 08:00;1545;1.277;103;-0.7
2019-03-06 09:00;1546;2.629;300;2.8
2019-03-06 10:00;1547;3.506;544;5.9
2019-03-06 11:00;1548;4.018;709;8.3
2019-03-06 12:00;1549;4.218;820;10.6
2019-03-06 13:00;1550;4.142;863;13.4
2019-03-06 14:00;1551;3.823;833;15.9
2019-03-06 15:00;1552;3.25;737;17.9
2019-03-06 16:00;1553;2.415;582;19.4
2019-03-06 17:00;1554;1.308;342;19.3
2019-03-06 18:00;1555;0.183;141;16.7
2019-03-06 19:00;1556;0;8;13.1
2019-03-06 20:00;1557;0;0;10.9
2019-03-06 21:00;1558;0;0;9.6
2019-03-06 22:00;1559;0;0;8.9
2019-03-06 23:00;1560;0;0;13
2019-03-07 00:00;1561;0;0;7.3
2019-03-07 01:00;1562;0;0;7.2
2019-03-07 02:00;1563;0;0;5.2
2019-03-07 03:00;1564;0;0;4.5
2019-03-07 04:00;1565;0;0;4.5
2019-03-07 05:00;1566;0;0;3.5
2019-03-07 06:00;1567;0;0;4.9
2019-03-07 07:00;1568;0.14;2;4.7
2019-03-07 08:00;1569;1.066;49;8.1
2019-03-07 09:00;1570;2.014;132;10.9
2019-03-07 10:00;1571;2.623;202;14
2019-03-07 11:00;1572;1.999;294;16.9
2019-03-07 12:00;1573;1.608;273;23.9
2019-03-07 13:00;1574;1.71;286;23.4
2019-03-07 14:00;1575;1.87;209;24.9
2019-03-07 15:00;1576;1.702;188;24.9
2019-03-07 16:00;1577;1.519;165;25.4
2019-03-07 17:00;1578;0.995;137;24.9
2019-03-07 18:00;1579;0.092;92;22.6
2019-03-07 19:00;1580;0;5;19.7
2019-03-07 20:00;1581;0;0;17.4
2019-03-07 21:00;1582;0;0;17.4
2019-03-07 22:00;1583;0;0;16.5
2019-03-07 23:00;1584;0;0;14.1
2019-03-08 00:00;1585;0;0;14.9
2019-03-08 01:00;1586;0;0;14.6
2019-03-08 02:00;1587;0;0;12.5
2019-03-08 03:00;1588;0;0;13.8
2019-03-08 04:00;1589;0;0;11.9
2019-03-08 05:00;1590;0;0;12.3
2019-03-08 06:00;1591;0;0;14.2
2019-03-08 07:00;1592;0.061;1;14.6
2019-03-08 08:00;1593;0.477;50;16.9
2019-03-08 09:00;1594;0.831;144;17.4
2019-03-08 10:00;1595;1.144;213;20
2019-03-08 11:00;1596;1.355;289;23.5
2019-03-08 12:00;1597;1.252;302;26
2019-03-08 13:00;1598;1.154;216;25.4
2019-03-08 14:00;1599;1.14;226;24.1
2019-03-08 15:00;1600;0.951;151;24.3
2019-03-08 16:00;1601;0.742;92;23
2019-03-08 17:00;1602;0.272;53;19.1
2019-03-08 18:00;1603;0.02;17;17
2019-03-08 19:00;1604;0;2;15
2019-03-08 20:00;1605;0;0;14.3
2019-03-08 21:00;1606;0;0;13.3
2019-03-08 22:00;1607;0;0;13.1
2019-03-08 23:00;1608;0;0;13.4
2019-03-09 00:00;1609;0;0;10.8
2019-03-09 01:00;1610;0;0;9.9
2019-03-09 02:00;1611;0;0;8.7
2019-03-09 03:00;1612;0;0;7
2019-03-09 04:00;1613;0;0;4.6
2019-03-09 05:00;1614;0;0;4
2019-03-09 06:00;1615;0;1;4
2019-03-09 07:00;1616;0.282;6;4.3
2019-03-09 08:00;1617;1.623;142;8
2019-03-09 09:00;1618;2.767;363;10.5
2019-03-09 10:00;1619;3.58;573;12.7
2019-03-09 11:00;1620;4.076;740;14.8
2019-03-09 12:00;1621;4.29;853;16.6
2019-03-09 13:00;1622;4.239;875;17.2
2019-03-09 14:00;1623;3.921;865;18.5
2019-03-09 15:00;1624;3.247;731;19
2019-03-09 16:00;1625;1.846;570;19.6
2019-03-09 17:00;1626;0.725;359;18.6
2019-03-09 18:00;1627;0.071;128;15.8
2019-03-09 19:00;1628;0;6;13.8
2019-03-09 20:00;1629;0;0;13.4
2019-03-09 21:00;1630;0;0;13.2
2019-03-09 22:00;1631;0;0;13.1
2019-03-09 23:00;1632;0;0;12.2
2019-03-10 00:00;1633;0;0;10.9
2019-03-10 01:00;1634;0;0;10.3
2019-03-10 02:00;1635;0;0;11.1
2019-03-10 03:00;1636;0;0;10
2019-03-10 04:00;1637;0;0;10
2019-03-10 05:00;1638;0;0;9.6
2019-03-10 06:00;1639;0;0;9.1
2019-03-10 07:00;1640;0.042;2;9.6
2019-03-10 08:00;1641;0.369;52;10.5
2019-03-10 09:00;1642;0.927;117;12.3
2019-03-10 10:00;1643;1.557;212;12.5
2019-03-10 11:00;1644;2.103;369;13.8
2019-03-10 12:00;1645;2.816;477;15.9
2019-03-10 13:00;1646;2.826;705;17.3
2019-03-10 14:00;1647;2.251;678;19.1
2019-03-10 15:00;1648;1.728;314;19.6
2019-03-10 16:00;1649;1.127;297;19.3
2019-03-10 17:00;1650;0.484;203;17.4
2019-03-10 18:00;1651;0.048;65;16.2
2019-03-10 19:00;1652;0;4;15.6
2019-03-10 20:00;1653;0;0;14
2019-03-10 21:00;1654;0;0;13.3
2019-03-10 22:00;1655;0;0;12.3
2019-03-10 23:00;1656;0;0;11.1
2019-03-11 00:00;1657;0;0;10
2019-03-11 01:00;1658;0;0;9
2019-03-11 02:00;1659;0;0;8.7
2019-03-11 03:00;1660;0;0;8
2019-03-11 04:00;1661;0;0;7.4
2019-03-11 05:00;1662;0;0;6.5
2019-03-11 06:00;1663;0;0;6
2019-03-11 07:00;1664;0.188;3;5.7
2019-03-11 08:00;1665;0.89;62;7
2019-03-11 09:00;1666;1.772;211;8.7
2019-03-11 10:00;1667;2.695;323;9.8
2019-03-11 11:00;1668;3.506;360;11.1
2019-03-11 12:00;1669;3.488;327;12.7
2019-03-11 13:00;1670;2.799;418;13.2
2019-03-11 14:00;1671;2.249;256;13.7
2019-03-11 15:00;1672;1.112;153;14.9
2019-03-11 16:00;1673;0.521;188;13.4
2019-03-11 17:00;1674;0.185;77;12.4
2019-03-11 18:00;1675;0.012;24;12
2019-03-11 19:00;1676;0;1;11.3
2019-03-11 20:00;1677;0;0;10.8
2019-03-11 21:00;1678;0;0;10.8
2019-03-11 22:00;1679;0;0;10.1
2019-03-11 23:00;1680;0;0;9.7
2019-03-12 00:00;1681;0;0;10
2019-03-12 01:00;1682;0;0;10
2019-03-12 02:00;1683;0;0;9.9
2019-03-12 03:00;1684;0;0;9.7
2019-03-12 04:00;1685;0;0;9.9
2019-03-12 05:00;1686;0;0;9.9
2019-03-12 06:00;1687;0;0;9.7
2019-03-12 07:00;1688;0.062;1;9.9
2019-03-12 08:00;1689;0.546;24;10.5
2019-03-12 09:00;1690;1.039;115;11.6
2019-03-12 10:00;1691;1.3;236;12.6
2019-03-12 11:00;1692;1.407;123;12.1
2019-03-12 12:00;1693;1.787;96;13
2019-03-12 13:00;1694;2.272;100;12.9
2019-03-12 14:00;1695;2.528;56;13.2
2019-03-12 15:00;1696;1.703;45;13.5
2019-03-12 16:00;1697;1.051;30;14.9
2019-03-12 17:00;1698;0.354;17;15.1
2019-03-12 18:00;1699;0.047;9;12.8
2019-03-12 19:00;1700;0;9;11.7
2019-03-12 20:00;1701;0;0;9.9
2019-03-12 21:00;1702;0;0;9.5
2019-03-12 22:00;1703;0;0;8.1
2019-03-12 23:00;1704;0;0;7.7
2019-03-13 00:00;1705;0;0;6.9
2019-03-13 01:00;1706;0;0;6.3
2019-03-13 02:00;1707;0;0;5.8
2019-03-13 03:00;1708;0;0;4.6
2019-03-13 04:00;1709;0;0;5.8
2019-03-13 05:00;1710;0;0;5.2
2019-03-13 06:00;1711;0;1;5
2019-03-13 07:00;1712;0.317;9;7.1
2019-03-13 08:00;1713;1.573;155;8.4
2019-03-13 09:00;1714;2.708;374;10.1
2019-03-13 10:00;1715;3.466;583;11.5
2019-03-13 11:00;1716;3.608;749;11.9
2019-03-13 12:00;1717;3.563;857;13.3
2019-03-13 13:00;1718;3.608;868;14.1
2019-03-13 14:00;1719;3.407;851;14.1
2019-03-13 15:00;1720;2.988;775;14.9
2019-03-13 16:00;1721;2.144;599;14.1
2019-03-13 17:00;1722;1.121;334;13.3
2019-03-13 18:00;1723;0.186;109;9.2
2019-03-13 19:00;1724;0;6;9.5
2019-03-13 20:00;1725;0;0;8.9
2019-03-13 21:00;1726;0;0;7.6
2019-03-13 22:00;1727;0;0;8.9
2019-03-13 23:00;1728;0;0;4.8
2019-03-14 00:00;1729;0;0;5.4
2019-03-14 01:00;1730;0;0;3.3
2019-03-14 02:00;1731;0;0;5.3
2019-03-14 03:00;1732;0;0;4.6
2019-03-14 04:00;1733;0;0;2.9
2019-03-14 05:00;1734;0;0;3.2
2019-03-14 06:00;1735;0;1;0.7
2019-03-14 07:00;1736;0.346;11;2.9
2019-03-14 08:00;1737;1.644;165;6
2019-03-14 09:00;1738;2.801;393;7.8
2019-03-14 10:00;1739;3.613;630;9.4
2019-03-14 11:00;1740;4.053;758;9.7
2019-03-14 12:00;1741;4.162;620;10.5
2019-03-14 13:00;1742;4.075;481;10.6
2019-03-14 14:00;1743;3.761;698;12.4
2019-03-14 15:00;1744;3.253;559;12.1
2019-03-14 16:00;1745;2.287;416;11.7
2019-03-14 17:00;1746;1.252;204;11.6
2019-03-14 18:00;1747;0.21;50;10.4
2019-03-14 19:00;1748;0;5;8.9
2019-03-14 20:00;1749;0;0;7.6
2019-03-14 21:00;1750;0;0;6.1
2019-03-14 22:00;1751;0;0;5.1
2019-03-14 23:00;1752;0;0;4.6
2019-03-15 00:00;1753;0;0;3.7
2019-03-15 01:00;1754;0;0;3.1
2019-03-15 02:00;1755;0;0;2.1
2019-03-15 03:00;1756;0;0;0.8
2019-03-15 04:00;1757;0;0;-0.7
2019-03-15 05:00;1758;0;0;-0.6
2019-03-15 06:00;1759;0;2;-1.8
2019-03-15 07:00;1760;0.359;12;-0.9
2019-03-15 08:00;1761;1.676;166;1.7
2019-03-15 09:00;1762;2.843;390;2.9
2019-03-15 10:00;1763;3.686;601;4.7
2019-03-15 11:00;1764;4.204;770;5.7
2019-03-15 12:00;1765;4.43;877;7.4
2019-03-15 13:00;1766;4.385;898;7.7
2019-03-15 14:00;1767;4.069;766;8.4
2019-03-15 15:00;1768;3.455;625;8
2019-03-15 16:00;1769;2.42;515;8.7
2019-03-15 17:00;1770;1.096;348;9
2019-03-15 18:00;1771;0.13;130;8.7
2019-03-15 19:00;1772;0;10;6.7
2019-03-15 20:00;1773;0;0;4.3
2019-03-15 21:00;1774;0;0;4.5
2019-03-15 22:00;1775;0;0;3
2019-03-15 23:00;1776;0;0;3
2019-03-16 00:00;1777;0;0;3
2019-03-16 01:00;1778;0;0;3.2
2019-03-16 02:00;1779;0;0;1.9
2019-03-16 03:00;1780;0;0;2.4
2019-03-16 04:00;1781;0;0;1.9
2019-03-16 05:00;1782;0;0;1.9
2019-03-16 06:00;1783;0;1;1.3
2019-03-16 07:00;1784;0.217;7;1.1
2019-03-16 08:00;1785;0.998;84;3.2
2019-03-16 09:00;1786;1.623;253;5.1
2019-03-16 10:00;1787;1.953;393;6.3
2019-03-16 11:00;1788;2.181;629;7.6
2019-03-16 12:00;1789;2.169;597;7.3
2019-03-16 13:00;1790;2.001;598;7.6
2019-03-16 14:00;1791;1.82;485;9.1
2019-03-16 15:00;1792;1.643;446;7.9
2019-03-16 16:00;1793;1.362;494;7.5
2019-03-16 17:00;1794;0.787;244;6.9
2019-03-16 18:00;1795;0.139;77;6.4
2019-03-16 19:00;1796;0;9;5.8
2019-03-16 20:00;1797;0;0;5.6
2019-03-16 21:00;1798;0;0;5.8
2019-03-16 22:00;1799;0;0;5.8
2019-03-16 23:00;1800;0;0;5
2019-03-17 00:00;1801;0;0;3.9
2019-03-17 01:00;1802;0;0;2.2
2019-03-17 02:00;1803;0;0;2.6
2019-03-17 03:00;1804;0;0;2.2
2019-03-17 04:00;1805;0;0;1
2019-03-17 05:00;1806;0;0;0.8
2019-03-17 06:00;1807;0;2;0.2
2019-03-17 07:00;1808;0.349;14;0.9
2019-03-17 08:00;1809;1.585;166;3.8
2019-03-17 09:00;1810;2.706;385;6.6
2019-03-17 10:00;1811;3.531;592;8.7
2019-03-17 11:00;1812;4.048;760;10.5
2019-03-17 12:00;1813;4.281;869;12.2
2019-03-17 13:00;1814;4.246;910;14
2019-03-17 14:00;1815;3.952;877;14.9
2019-03-17 15:00;1816;3.377;774;14.9
2019-03-17 16:00;1817;2.534;611;15.4
2019-03-17 17:00;1818;1.422;405;14.9
2019-03-17 18:00;1819;0.269;182;13.8
2019-03-17 19:00;1820;0;17;10.2
2019-03-17 20:00;1821;0;0;9
2019-03-17 21:00;1822;0;0;7.2
2019-03-17 22:00;1823;0;0;5.7
2019-03-17 23:00;1824;0;0;5.7
2019-03-18 00:00;1825;0;0;3.6
2019-03-18 01:00;1826;0;0;4.6
2019-03-18 02:00;1827;0;0;3.5
2019-03-18 03:00;1828;0;0;2.7
2019-03-18 04:00;1829;0;0;2.3
2019-03-18 05:00;1830;0;0;1.3
2019-03-18 06:00;1831;0;2;1.2
2019-03-18 07:00;1832;0.371;15;2.3
2019-03-18 08:00;1833;1.606;173;5.7
2019-03-18 09:00;1834;2.707;392;8.2
2019-03-18 10:00;1835;3.505;600;10.5
2019-03-18 11:00;1836;4.011;767;12.9
2019-03-18 12:00;1837;4.242;878;14.3
2019-03-18 13:00;1838;4.129;918;14.9
2019-03-18 14:00;1839;3.848;884;15.6
2019-03-18 15:00;1840;3.347;777;16.4
2019-03-18 16:00;1841;2.502;611;15.8
2019-03-18 17:00;1842;1.408;365;15.3
2019-03-18 18:00;1843;0.275;184;13.9
2019-03-18 19:00;1844;0;17;10.8
2019-03-18 20:00;1845;0;0;9.1
2019-03-18 21:00;1846;0;0;7.9
2019-03-18 22:00;1847;0;0;6.2
2019-03-18 23:00;1848;0;0;5.9
2019-03-19 00:00;1849;0;0;5.1
2019-03-19 01:00;1850;0;0;3.2
2019-03-19 02:00;1851;0;0;2.5
2019-03-19 03:00;1852;0;0;2.3
2019-03-19 04:00;1853;0;0;1.1
2019-03-19 05:00;1854;0;0;0.8
2019-03-19 06:00;1855;0;2;0.8
2019-03-19 07:00;1856;0.372;17;3.1
2019-03-19 08:00;1857;1.568;177;7
2019-03-19 09:00;1858;2.651;397;10.5
2019-03-19 10:00;1859;3.438;604;13.8
2019-03-19 11:00;1860;3.921;771;15.5
2019-03-19 12:00;1861;4.1;883;17.5
2019-03-19 13:00;1862;3.954;920;18.8
2019-03-19 14:00;1863;3.454;891;19.8
2019-03-19 15:00;1864;2.645;515;20.3
2019-03-19 16:00;1865;1.78;507;20
2019-03-19 17:00;1866;0.829;398;19.4
2019-03-19 18:00;1867;0.148;165;17.4
2019-03-19 19:00;1868;0;17;14
2019-03-19 20:00;1869;0;0;13.2
2019-03-19 21:00;1870;0;0;11.6
2019-03-19 22:00;1871;0;0;12.9
2019-03-19 23:00;1872;0;0;10.2
2019-03-20 00:00;1873;0;0;9.4
2019-03-20 01:00;1874;0;0;7.9
2019-03-20 02:00;1875;0;0;7.5
2019-03-20 03:00;1876;0;0;7.2
2019-03-20 04:00;1877;0;0;6.4
2019-03-20 05:00;1878;0;0;6.7
2019-03-20 06:00;1879;0;2;6.3
2019-03-20 07:00;1880;0.28;12;6.3
2019-03-20 08:00;1881;1.277;74;6.6
2019-03-20 09:00;1882;2.3;93;6.7
2019-03-20 10:00;1883;3.076;194;7.6
2019-03-20 11:00;1884;3.766;577;9.1
2019-03-20 12:00;1885;4.114;799;10.1
2019-03-20 13:00;1886;4.093;885;10.7
2019-03-20 14:00;1887;3.801;620;13.2
2019-03-20 15:00;1888;3.265;592;13.2
2019-03-20 16:00;1889;2.453;525;13.2
2019-03-20 17:00;1890;1.358;382;12.7
2019-03-20 18:00;1891;0.263;106;12.6
2019-03-20 19:00;1892;0;29;9.1
2019-03-20 20:00;1893;0;0;8
2019-03-20 21:00;1894;0;0;7.2
2019-03-20 22:00;1895;0;0;6.7
2019-03-20 23:00;1896;0;0;6.3
2019-03-21 00:00;1897;0;0;5.6
2019-03-21 01:00;1898;0;0;4.7
2019-03-21 02:00;1899;0;0;4.9
2019-03-21 03:00;1900;0;0;3.8
2019-03-21 04:00;1901;0;0;5.2
2019-03-21 05:00;1902;0;0;5.4
2019-03-21 06:00;1903;0;3;5.3
2019-03-21 07:00;1904;0.16;6;5.2
2019-03-21 08:00;1905;0.666;92;6.6
2019-03-21 09:00;1906;0.981;222;8
2019-03-21 10:00;1907;1.492;150;9.1
2019-03-21 11:00;1908;2.534;290;9.7
2019-03-21 12:00;1909;3.108;252;11.1
2019-03-21 13:00;1910;2.944;174;11.6
2019-03-21 14:00;1911;2.858;198;12.2
2019-03-21 15:00;1912;2.077;327;14
2019-03-21 16:00;1913;1.456;290;14.5
2019-03-21 17:00;1914;0.756;241;14.5
2019-03-21 18:00;1915;0.131;72;14.2
2019-03-21 19:00;1916;0;4;12.9
2019-03-21 20:00;1917;0;0;12.1
2019-03-21 21:00;1918;0;0;11.4
2019-03-21 22:00;1919;0;0;11.4
2019-03-21 23:00;1920;0;0;11.9
2019-03-22 00:00;1921;0;0;11.3
2019-03-22 01:00;1922;0;0;11.3
2019-03-22 02:00;1923;0;0;11.9
2019-03-22 03:00;1924;0;0;11.7
2019-03-22 04:00;1925;0;0;11.6
2019-03-22 05:00;1926;0;0;11.1
2019-03-22 06:00;1927;0;0;11.1
2019-03-22 07:00;1928;0.16;3;11.1
2019-03-22 08:00;1929;0.9;41;12
2019-03-22 09:00;1930;2.107;94;14.6
2019-03-22 10:00;1931;2.915;518;17.7
2019-03-22 11:00;1932;3.668;802;19.6
2019-03-22 12:00;1933;4.037;891;20.2
2019-03-22 13:00;1934;3.986;920;21
2019-03-22 14:00;1935;3.725;874;23.6
2019-03-22 15:00;1936;3.234;688;23.3
2019-03-22 16:00;1937;2.479;543;22.7
2019-03-22 17:00;1938;1.458;442;22
2019-03-22 18:00;1939;0.329;206;19.9
2019-03-22 19:00;1940;0;20;17
2019-03-22 20:00;1941;0;0;13.8
2019-03-22 21:00;1942;0;0;12.7
2019-03-22 22:00;1943;0;0;10.8
2019-03-22 23:00;1944;0;0;10.1
2019-03-23 00:00;1945;0;0;7.9
2019-03-23 01:00;1946;0;0;6.9
2019-03-23 02:00;1947;0;0;5.5
2019-03-23 03:00;1948;0;0;5.5
2019-03-23 04:00;1949;0;0;2.4
2019-03-23 05:00;1950;0;0;1.7
2019-03-23 06:00;1951;0;9;4.2
2019-03-23 07:00;1952;0.416;26;6.6
2019-03-23 08:00;1953;1.621;206;11.9
2019-03-23 09:00;1954;2.658;390;14
2019-03-23 10:00;1955;3.445;609;16
2019-03-23 11:00;1956;3.728;807;18.4
2019-03-23 12:00;1957;3.916;777;19.7
2019-03-23 13:00;1958;3.763;690;20.5
2019-03-23 14:00;1959;3.359;628;21.5
2019-03-23 15:00;1960;2.87;451;21.8
2019-03-23 16:00;1961;2.266;367;22.1
2019-03-23 17:00;1962;1.467;458;21.8
2019-03-23 18:00;1963;0.333;208;20.2
2019-03-23 19:00;1964;0;21;17.3
2019-03-23 20:00;1965;0;0;15.3
2019-03-23 21:00;1966;0;0;14
2019-03-23 22:00;1967;0;0;11.2
2019-03-23 23:00;1968;0;0;10
2019-03-24 00:00;1969;0;0;10
2019-03-24 01:00;1970;0;0;7.5
2019-03-24 02:00;1971;0;0;7.9
2019-03-24 03:00;1972;0;0;8.4
2019-03-24 04:00;1973;0;0;8.7
2019-03-24 05:00;1974;0;0;6.7
2019-03-24 06:00;1975;0;3;5.6
2019-03-24 07:00;1976;0.332;20;7.5
2019-03-24 08:00;1977;1.465;121;11.1
2019-03-24 09:00;1978;2.629;355;13.8
2019-03-24 10:00;1979;3.423;496;17.3
2019-03-24 11:00;1980;3.817;616;18.8
2019-03-24 12:00;1981;4.11;710;20.9
2019-03-24 13:00;1982;4.062;779;22.4
2019-03-24 14:00;1983;3.799;921;22.9
2019-03-24 15:00;1984;3.293;810;23.9
2019-03-24 16:00;1985;2.514;644;23.6
2019-03-24 17:00;1986;1.458;436;23.6
2019-03-24 18:00;1987;0.33;212;22.3
2019-03-24 19:00;1988;0;27;19.3
2019-03-24 20:00;1989;0;0;17
2019-03-24 21:00;1990;0;0;12.5
2019-03-24 22:00;1991;0;0;11.4
2019-03-24 23:00;1992;0;0;10.3
2019-03-25 00:00;1993;0;0;10.3
2019-03-25 01:00;1994;0;0;8.4
2019-03-25 02:00;1995;0;0;8
2019-03-25 03:00;1996;0;0;8.2
2019-03-25 04:00;1997;0;0;6.3
2019-03-25 05:00;1998;0;0;5.6
2019-03-25 06:00;1999;0;12;4.9
2019-03-25 07:00;2000;0.431;30;7.9
2019-03-25 08:00;2001;1.664;212;11.5
2019-03-25 09:00;2002;2.733;438;14.1
2019-03-25 10:00;2003;3.478;649;16.7
2019-03-25 11:00;2004;3.934;819;19.1
2019-03-25 12:00;2005;4.137;928;20.5
2019-03-25 13:00;2006;4.112;968;21.7
2019-03-25 14:00;2007;3.886;934;22.7
2019-03-25 15:00;2008;3.363;822;23.7
2019-03-25 16:00;2009;2.551;654;23
2019-03-25 17:00;2010;1.494;440;22.7
2019-03-25 18:00;2011;0.353;208;21.1
2019-03-25 19:00;2012;0;25;17.5
2019-03-25 20:00;2013;0;0;13.8
2019-03-25 21:00;2014;0;0;12.6
2019-03-25 22:00;2015;0;0;12.2
2019-03-25 23:00;2016;0;0;10.3
2019-03-26 00:00;2017;0;0;10.5
2019-03-26 01:00;2018;0;0;9.6
2019-03-26 02:00;2019;0;0;8.2
2019-03-26 03:00;2020;0;0;7.3
2019-03-26 04:00;2021;0;0;7.2
2019-03-26 05:00;2022;0;0;7.3
2019-03-26 06:00;2023;0;16;6.8
2019-03-26 07:00;2024;0.397;30;8.8
2019-03-26 08:00;2025;1.47;82;11.9
2019-03-26 09:00;2026;2.379;257;13.6
2019-03-26 10:00;2027;2.986;268;15
2019-03-26 11:00;2028;3.585;361;16.5
2019-03-26 12:00;2029;3.954;653;18.8
2019-03-26 13:00;2030;3.903;862;21.2
2019-03-26 14:00;2031;3.342;880;22.5
2019-03-26 15:00;2032;2.218;695;23.7
2019-03-26 16:00;2033;1.457;530;23.2
2019-03-26 17:00;2034;0.744;325;22.4
2019-03-26 18:00;2035;0.131;76;21.4
2019-03-26 19:00;2036;0;15;19.4
2019-03-26 20:00;2037;0;0;17.5
2019-03-26 21:00;2038;0;0;16.2
2019-03-26 22:00;2039;0;0;16.7
2019-03-26 23:00;2040;0;0;16
2019-03-27 00:00;2041;0;0;15.3
2019-03-27 01:00;2042;0;0;13.8
2019-03-27 02:00;2043;0;0;12.7
2019-03-27 03:00;2044;0;0;12.2
2019-03-27 04:00;2045;0;0;12.4
2019-03-27 05:00;2046;0;0;10.2
2019-03-27 06:00;2047;0;16;10.2
2019-03-27 07:00;2048;0.269;25;11.7
2019-03-27 08:00;2049;1.159;192;15.2
2019-03-27 09:00;2050;2.269;417;17.6
2019-03-27 10:00;2051;3.096;627;19.7
2019-03-27 11:00;2052;3.606;753;21.9
2019-03-27 12:00;2053;3.812;789;24.4
2019-03-27 13:00;2054;3.737;924;26.9
2019-03-27 14:00;2055;3.292;909;28.2
2019-03-27 15:00;2056;2.321;740;28.7
2019-03-27 16:00;2057;1.448;605;28.4
2019-03-27 17:00;2058;0.794;376;27.3
2019-03-27 18:00;2059;0.169;93;25.3
2019-03-27 19:00;2060;0;9;23.1
2019-03-27 20:00;2061;0;0;21.6
2019-03-27 21:00;2062;0;0;21.1
2019-03-27 22:00;2063;0;0;19.1
2019-03-27 23:00;2064;0;0;17.5
2019-03-28 00:00;2065;0;0;16.3
2019-03-28 01:00;2066;0;0;15.3
2019-03-28 02:00;2067;0;0;14.6
2019-03-28 03:00;2068;0;0;13.5
2019-03-28 04:00;2069;0;0;12.8
2019-03-28 05:00;2070;0;0;13
2019-03-28 06:00;2071;0;1;12.5
2019-03-28 07:00;2072;0.227;15;12.5
2019-03-28 08:00;2073;1.029;87;14.3
2019-03-28 09:00;2074;2.055;281;16.4
2019-03-28 10:00;2075;2.945;638;20
2019-03-28 11:00;2076;3.461;793;23.5
2019-03-28 12:00;2077;3.69;792;26.4
2019-03-28 13:00;2078;3.715;901;27.4
2019-03-28 14:00;2079;3.518;518;27.9
2019-03-28 15:00;2080;2.977;420;28.6
2019-03-28 16:00;2081;2.22;517;29.5
2019-03-28 17:00;2082;1.253;506;28.1
2019-03-28 18:00;2083;0.334;214;26.1
2019-03-28 19:00;2084;0;29;22.3
2019-03-28 20:00;2085;0;0;19.3
2019-03-28 21:00;2086;0;0;19.4
2019-03-28 22:00;2087;0;0;15
2019-03-28 23:00;2088;0;0;16.2
2019-03-29 00:00;2089;0;0;15.3
2019-03-29 01:00;2090;0;0;15.2
2019-03-29 02:00;2091;0;0;13.4
2019-03-29 03:00;2092;0;0;11.9
2019-03-29 04:00;2093;0;0;10.4
2019-03-29 05:00;2094;0;0;11.1
2019-03-29 06:00;2095;0;11;9.4
2019-03-29 07:00;2096;0.452;40;12.6
2019-03-29 08:00;2097;1.646;233;16.7
2019-03-29 09:00;2098;2.682;463;19.7
2019-03-29 10:00;2099;3.436;675;21.4
2019-03-29 11:00;2100;3.915;848;24.1
2019-03-29 12:00;2101;4.133;957;26
2019-03-29 13:00;2102;4.104;994;27.3
2019-03-29 14:00;2103;3.836;952;28.7
2019-03-29 15:00;2104;3.308;840;29.4
2019-03-29 16:00;2105;2.508;667;28.9
2019-03-29 17:00;2106;1.429;451;27.8
2019-03-29 18:00;2107;0.385;226;25.8
2019-03-29 19:00;2108;0;33;22.2
2019-03-29 20:00;2109;0;0;20
2019-03-29 21:00;2110;0;0;20
2019-03-29 22:00;2111;0;0;19
2019-03-29 23:00;2112;0;0;17.8
2019-03-30 00:00;2113;0;0;14.9
2019-03-30 01:00;2114;0;0;12.9
2019-03-30 02:00;2115;0;0;8.8
2019-03-30 03:00;2116;0;0;7.8
2019-03-30 04:00;2117;0;0;7.3
2019-03-30 05:00;2118;0;0;6.6
2019-03-30 06:00;2119;0;15;5.9
2019-03-30 07:00;2120;0.382;43;5.8
2019-03-30 08:00;2121;1.425;97;7.7
2019-03-30 09:00;2122;2.487;151;8.7
2019-03-30 10:00;2123;3.338;260;9.7
2019-03-30 11:00;2124;3.908;437;10.6
2019-03-30 12:00;2125;4.172;466;12.1
2019-03-30 13:00;2126;4.101;460;12.1
2019-03-30 14:00;2127;3.765;364;12.1
2019-03-30 15:00;2128;3.173;465;12.7
2019-03-30 16:00;2129;2.325;191;12.4
2019-03-30 17:00;2130;1.328;179;11.7
2019-03-30 18:00;2131;0.351;57;10.5
2019-03-30 19:00;2132;0;2;9.7
2019-03-30 20:00;2133;0;0;8.7
2019-03-30 21:00;2134;0;0;7.7
2019-03-30 22:00;2135;0;0;6.7
2019-03-30 23:00;2136;0;0;5.2
2019-03-31 00:00;2137;0;0;4.3
2019-03-31 01:00;2138;0;0;3.5
2019-03-31 02:00;2139;0;0;1.5
2019-03-31 03:00;2140;0;0;1.9
2019-03-31 04:00;2141;0;0;1.4
2019-03-31 05:00;2142;0;0;1.3
2019-03-31 06:00;2143;0;6;1.1
2019-03-31 07:00;2144;0.301;54;2
2019-03-31 08:00;2145;1.194;139;4.3
2019-03-31 09:00;2146;2.231;196;5
2019-03-31 10:00;2147;3.055;307;6.4
2019-03-31 11:00;2148;3.79;386;7.9
2019-03-31 12:00;2149;4.129;406;9
2019-03-31 13:00;2150;4.026;490;10.1
2019-03-31 14:00;2151;3.568;575;11.1
2019-03-31 15:00;2152;2.788;484;11.7
2019-03-31 16:00;2153;1.881;476;11.4
2019-03-31 17:00;2154;0.932;353;11.4
2019-03-31 18:00;2155;0.247;68;10.7
2019-03-31 19:00;2156;0;0;9.1
2019-03-31 20:00;2157;0;0;8.4
2019-03-31 21:00;2158;0;0;7.3
2019-03-31 22:00;2159;0;0;6.8
2019-03-31 23:00;2160;0;0;5.8
